patch_id,date,Latitude,Longitude,InSitu_Chla,good_frac,file
2021-06-24_39.441490_-76.025990,2021-06-24,39.44149,-76.02599,5.696,1.0,2021-06-24_39.441490_-76.025990.npz
2021-11-18_39.441490_-76.025990,2021-11-18,39.44149,-76.02599,0.854,1.0,2021-11-18_39.441490_-76.025990.npz
2022-05-18_39.441490_-76.025990,2022-05-18,39.44149,-76.02599,4.984,0.9444444444444444,2022-05-18_39.441490_-76.025990.npz
2022-07-14_39.441490_-76.025990,2022-07-14,39.44149,-76.02599,5.981,1.0,2022-07-14_39.441490_-76.025990.npz
2022-08-10_39.441490_-76.025990,2022-08-10,39.44149,-76.02599,18.583,1.0,2022-08-10_39.441490_-76.025990.npz
2024-06-27_39.441490_-76.025990,2024-06-27,39.44149,-76.02599,11.214,1.0,2024-06-27_39.441490_-76.025990.npz
2024-10-24_39.441490_-76.025990,2024-10-24,39.44149,-76.02599,8.544,1.0,2024-10-24_39.441490_-76.025990.npz
2021-06-24_39.348730_-76.175790,2021-06-24,39.34873,-76.17579,7.342499999999999,0.9444444444444444,2021-06-24_39.348730_-76.175790.npz
2021-08-25_39.348730_-76.175790,2021-08-25,39.34873,-76.17579,5.696,1.0,2021-08-25_39.348730_-76.175790.npz
2021-11-18_39.348730_-76.175790,2021-11-18,39.34873,-76.17579,2.136,1.0,2021-11-18_39.348730_-76.175790.npz
2022-01-27_39.348730_-76.175790,2022-01-27,39.34873,-76.17579,7.69,1.0,2022-01-27_39.348730_-76.175790.npz
2022-03-16_39.348730_-76.175790,2022-03-16,39.34873,-76.17579,3.471,1.0,2022-03-16_39.348730_-76.175790.npz
2022-06-30_39.348730_-76.175790,2022-06-30,39.34873,-76.17579,18.0225,1.0,2022-06-30_39.348730_-76.175790.npz
2022-07-14_39.348730_-76.175790,2022-07-14,39.34873,-76.17579,6.194,1.0,2022-07-14_39.348730_-76.175790.npz
2022-08-10_39.348730_-76.175790,2022-08-10,39.34873,-76.17579,21.36,1.0,2022-08-10_39.348730_-76.175790.npz
2022-09-14_39.348730_-76.175790,2022-09-14,39.34873,-76.17579,11.214,1.0,2022-09-14_39.348730_-76.175790.npz
2022-10-07_39.348730_-76.175790,2022-10-07,39.34873,-76.17579,3.204,1.0,2022-10-07_39.348730_-76.175790.npz
2023-09-13_39.348730_-76.175790,2023-09-13,39.34873,-76.17579,14.098,1.0,2023-09-13_39.348730_-76.175790.npz
2024-06-27_39.348730_-76.175790,2024-06-27,39.34873,-76.17579,10.947,1.0,2024-06-27_39.348730_-76.175790.npz
2021-06-24_39.249500_-76.240500,2021-06-24,39.2495,-76.2405,8.811,0.8888888888888888,2021-06-24_39.249500_-76.240500.npz
2021-11-18_39.249500_-76.240500,2021-11-18,39.2495,-76.2405,1.424,1.0,2021-11-18_39.249500_-76.240500.npz
2022-01-27_39.249500_-76.240500,2022-01-27,39.2495,-76.2405,19.438,1.0,2022-01-27_39.249500_-76.240500.npz
2022-03-16_39.249500_-76.240500,2022-03-16,39.2495,-76.2405,3.204,1.0,2022-03-16_39.249500_-76.240500.npz
2022-06-30_39.249500_-76.240500,2022-06-30,39.2495,-76.2405,69.687,1.0,2022-06-30_39.249500_-76.240500.npz
2022-07-14_39.249500_-76.240500,2022-07-14,39.2495,-76.2405,5.981,1.0,2022-07-14_39.249500_-76.240500.npz
2022-08-10_39.249500_-76.240500,2022-08-10,39.2495,-76.2405,26.914,1.0,2022-08-10_39.249500_-76.240500.npz
2022-09-14_39.249500_-76.240500,2022-09-14,39.2495,-76.2405,5.126,1.0,2022-09-14_39.249500_-76.240500.npz
2022-10-07_39.249500_-76.240500,2022-10-07,39.2495,-76.2405,4.405,1.0,2022-10-07_39.249500_-76.240500.npz
2023-09-13_39.249500_-76.240500,2023-09-13,39.2495,-76.2405,27.127,0.75,2023-09-13_39.249500_-76.240500.npz
2024-10-24_39.249500_-76.240500,2024-10-24,39.2495,-76.2405,6.194,1.0,2024-10-24_39.249500_-76.240500.npz
2021-06-24_39.163690_-76.306310,2021-06-24,39.16369,-76.30631,9.612,1.0,2021-06-24_39.163690_-76.306310.npz
2021-11-18_39.163690_-76.306310,2021-11-18,39.16369,-76.30631,4.058,1.0,2021-11-18_39.163690_-76.306310.npz
2022-03-16_39.163690_-76.306310,2022-03-16,39.16369,-76.30631,21.36,1.0,2022-03-16_39.163690_-76.306310.npz
2022-06-30_39.163690_-76.306310,2022-06-30,39.16369,-76.30631,16.447,1.0,2022-06-30_39.163690_-76.306310.npz
2022-07-14_39.163690_-76.306310,2022-07-14,39.16369,-76.30631,7.262,1.0,2022-07-14_39.163690_-76.306310.npz
2022-08-10_39.163690_-76.306310,2022-08-10,39.16369,-76.30631,18.583,1.0,2022-08-10_39.163690_-76.306310.npz
2022-10-07_39.163690_-76.306310,2022-10-07,39.16369,-76.30631,4.539,1.0,2022-10-07_39.163690_-76.306310.npz
2023-12-14_39.163690_-76.306310,2023-12-14,39.16369,-76.30631,4.058,1.0,2023-12-14_39.163690_-76.306310.npz
2024-10-24_39.163690_-76.306310,2024-10-24,39.16369,-76.30631,7.476,1.0,2024-10-24_39.163690_-76.306310.npz
2021-06-23_38.995960_-76.359670,2021-06-23,38.99596,-76.35967,15.219,1.0,2021-06-23_38.995960_-76.359670.npz
2021-08-24_38.995960_-76.359670,2021-08-24,38.99596,-76.35967,23.069,1.0,2021-08-24_38.995960_-76.359670.npz
2021-11-17_38.995960_-76.359670,2021-11-17,38.99596,-76.35967,9.154,1.0,2021-11-17_38.995960_-76.359670.npz
2022-01-26_38.995960_-76.359670,2022-01-26,38.99596,-76.35967,17.729,1.0,2022-01-26_38.995960_-76.359670.npz
2022-04-12_38.995960_-76.359670,2022-04-12,38.99596,-76.35967,12.602,1.0,2022-04-12_38.995960_-76.359670.npz
2022-06-29_38.995960_-76.359670,2022-06-29,38.99596,-76.35967,17.515,1.0,2022-06-29_38.995960_-76.359670.npz
2022-08-23_38.995960_-76.359670,2022-08-23,38.99596,-76.35967,14.098,1.0,2022-08-23_38.995960_-76.359670.npz
2023-08-08_38.995960_-76.359670,2023-08-08,38.99596,-76.35967,15.806,0.9166666666666666,2023-08-08_38.995960_-76.359670.npz
2023-09-12_38.995960_-76.359670,2023-09-12,38.99596,-76.35967,9.459,1.0,2023-09-12_38.995960_-76.359670.npz
2023-11-16_38.995960_-76.359670,2023-11-16,38.99596,-76.35967,15.887,1.0,2023-11-16_38.995960_-76.359670.npz
2023-12-13_38.995960_-76.359670,2023-12-13,38.99596,-76.35967,12.549,1.0,2023-12-13_38.995960_-76.359670.npz
2024-03-18_38.995960_-76.359670,2024-03-18,38.99596,-76.35967,10.466,1.0,2024-03-18_38.995960_-76.359670.npz
2024-06-04_38.995960_-76.359670,2024-06-04,38.99596,-76.35967,18.583,1.0,2024-06-04_38.995960_-76.359670.npz
2024-07-16_38.995960_-76.359670,2024-07-16,38.99596,-76.35967,17.729,1.0,2024-07-16_38.995960_-76.359670.npz
2024-08-13_38.995960_-76.359670,2024-08-13,38.99596,-76.35967,20.506,1.0,2024-08-13_38.995960_-76.359670.npz
2024-12-03_38.995960_-76.359670,2024-12-03,38.99596,-76.35967,8.239,1.0,2024-12-03_38.995960_-76.359670.npz
2021-06-23_39.004120_-76.345170,2021-06-23,39.00412,-76.34517,14.952,1.0,2021-06-23_39.004120_-76.345170.npz
2021-08-24_39.004120_-76.345170,2021-08-24,39.00412,-76.34517,29.904,1.0,2021-08-24_39.004120_-76.345170.npz
2022-04-12_39.004120_-76.345170,2022-04-12,39.00412,-76.34517,10.985,1.0,2022-04-12_39.004120_-76.345170.npz
2022-06-29_39.004120_-76.345170,2022-06-29,39.00412,-76.34517,20.719,1.0,2022-06-29_39.004120_-76.345170.npz
2022-08-23_39.004120_-76.345170,2022-08-23,39.00412,-76.34517,7.476,1.0,2022-08-23_39.004120_-76.345170.npz
2022-09-14_39.004120_-76.345170,2022-09-14,39.00412,-76.34517,7.903,1.0,2022-09-14_39.004120_-76.345170.npz
2023-06-27_39.004120_-76.345170,2023-06-27,39.00412,-76.34517,14.151,1.0,2023-06-27_39.004120_-76.345170.npz
2023-08-08_39.004120_-76.345170,2023-08-08,39.00412,-76.34517,19.224,0.9444444444444444,2023-08-08_39.004120_-76.345170.npz
2023-09-12_39.004120_-76.345170,2023-09-12,39.00412,-76.34517,8.544,1.0,2023-09-12_39.004120_-76.345170.npz
2024-06-04_39.004120_-76.345170,2024-06-04,39.00412,-76.34517,14.311,1.0,2024-06-04_39.004120_-76.345170.npz
2024-07-16_39.004120_-76.345170,2024-07-16,39.00412,-76.34517,16.234,1.0,2024-07-16_39.004120_-76.345170.npz
2024-08-13_39.004120_-76.345170,2024-08-13,39.00412,-76.34517,16.874,1.0,2024-08-13_39.004120_-76.345170.npz
2021-06-24_39.004620_-76.388100,2021-06-24,39.00462,-76.3881,24.564,0.9722222222222222,2021-06-24_39.004620_-76.388100.npz
2021-08-24_39.004620_-76.388100,2021-08-24,39.00462,-76.3881,42.364,0.9722222222222222,2021-08-24_39.004620_-76.388100.npz
2022-04-12_39.004620_-76.388100,2022-04-12,39.00462,-76.3881,20.292,0.9166666666666666,2022-04-12_39.004620_-76.388100.npz
2022-05-17_39.004620_-76.388100,2022-05-17,39.00462,-76.3881,19.224,0.9444444444444444,2022-05-17_39.004620_-76.388100.npz
2022-06-29_39.004620_-76.388100,2022-06-29,39.00462,-76.3881,24.991,1.0,2022-06-29_39.004620_-76.388100.npz
2022-08-23_39.004620_-76.388100,2022-08-23,39.00462,-76.3881,26.344,0.9722222222222222,2022-08-23_39.004620_-76.388100.npz
2022-09-14_39.004620_-76.388100,2022-09-14,39.00462,-76.3881,10.68,0.9722222222222222,2022-09-14_39.004620_-76.388100.npz
2023-09-12_39.004620_-76.388100,2023-09-12,39.00462,-76.3881,27.768,0.9444444444444444,2023-09-12_39.004620_-76.388100.npz
2023-10-05_39.004620_-76.388100,2023-10-05,39.00462,-76.3881,17.088,0.9444444444444444,2023-10-05_39.004620_-76.388100.npz
2024-03-18_39.004620_-76.388100,2024-03-18,39.00462,-76.3881,13.243,1.0,2024-03-18_39.004620_-76.388100.npz
2024-06-04_39.004620_-76.388100,2024-06-04,39.00462,-76.3881,14.098,1.0,2024-06-04_39.004620_-76.388100.npz
2024-07-16_39.004620_-76.388100,2024-07-16,39.00462,-76.3881,34.176,0.9722222222222222,2024-07-16_39.004620_-76.388100.npz
2024-08-13_39.004620_-76.388100,2024-08-13,39.00462,-76.3881,25.276,0.9444444444444444,2024-08-13_39.004620_-76.388100.npz
2024-08-27_39.004620_-76.388100,2024-08-27,39.00462,-76.3881,43.788,0.9444444444444444,2024-08-27_39.004620_-76.388100.npz
2021-06-23_38.825930_-76.399450,2021-06-23,38.82593,-76.39945,10.894,1.0,2021-06-23_38.825930_-76.399450.npz
2021-08-24_38.825930_-76.399450,2021-08-24,38.82593,-76.39945,11.534,1.0,2021-08-24_38.825930_-76.399450.npz
2021-11-17_38.825930_-76.399450,2021-11-17,38.82593,-76.39945,17.444,1.0,2021-11-17_38.825930_-76.399450.npz
2022-01-26_38.825930_-76.399450,2022-01-26,38.82593,-76.39945,17.942,1.0,2022-01-26_38.825930_-76.399450.npz
2022-04-12_38.825930_-76.399450,2022-04-12,38.82593,-76.39945,29.904,1.0,2022-04-12_38.825930_-76.399450.npz
2022-08-23_38.825930_-76.399450,2022-08-23,38.82593,-76.39945,7.877,1.0,2022-08-23_38.825930_-76.399450.npz
2023-04-11_38.825930_-76.399450,2023-04-11,38.82593,-76.39945,8.971,1.0,2023-04-11_38.825930_-76.399450.npz
2023-09-12_38.825930_-76.399450,2023-09-12,38.82593,-76.39945,14.189,0.9722222222222222,2023-09-12_38.825930_-76.399450.npz
2023-10-05_38.825930_-76.399450,2023-10-05,38.82593,-76.39945,6.515,1.0,2023-10-05_38.825930_-76.399450.npz
2023-11-16_38.825930_-76.399450,2023-11-16,38.82593,-76.39945,13.564,1.0,2023-11-16_38.825930_-76.399450.npz
2023-12-13_38.825930_-76.399450,2023-12-13,38.82593,-76.39945,17.088,1.0,2023-12-13_38.825930_-76.399450.npz
2024-03-18_38.825930_-76.399450,2024-03-18,38.82593,-76.39945,19.651,1.0,2024-03-18_38.825930_-76.399450.npz
2024-06-04_38.825930_-76.399450,2024-06-04,38.82593,-76.39945,10.253,1.0,2024-06-04_38.825930_-76.399450.npz
2024-07-16_38.825930_-76.399450,2024-07-16,38.82593,-76.39945,12.358,1.0,2024-07-16_38.825930_-76.399450.npz
2024-08-27_38.825930_-76.399450,2024-08-27,38.82593,-76.39945,35.03,1.0,2024-08-27_38.825930_-76.399450.npz
2024-12-03_38.825930_-76.399450,2024-12-03,38.82593,-76.39945,5.187,1.0,2024-12-03_38.825930_-76.399450.npz
2021-06-23_38.818090_-76.371440,2021-06-23,38.81809,-76.37144,18.583,1.0,2021-06-23_38.818090_-76.371440.npz
2021-08-24_38.818090_-76.371440,2021-08-24,38.81809,-76.37144,11.534,0.7777777777777778,2021-08-24_38.818090_-76.371440.npz
2021-10-05_38.818090_-76.371440,2021-10-05,38.81809,-76.37144,4.509,0.9166666666666666,2021-10-05_38.818090_-76.371440.npz
2022-04-12_38.818090_-76.371440,2022-04-12,38.81809,-76.37144,23.649,1.0,2022-04-12_38.818090_-76.371440.npz
2022-06-29_38.818090_-76.371440,2022-06-29,38.81809,-76.37144,11.748,1.0,2022-06-29_38.818090_-76.371440.npz
2022-08-23_38.818090_-76.371440,2022-08-23,38.81809,-76.37144,6.809,1.0,2022-08-23_38.818090_-76.371440.npz
2023-06-27_38.818090_-76.371440,2023-06-27,38.81809,-76.37144,15.379,1.0,2023-06-27_38.818090_-76.371440.npz
2023-09-12_38.818090_-76.371440,2023-09-12,38.81809,-76.37144,5.34,0.9444444444444444,2023-09-12_38.818090_-76.371440.npz
2023-10-05_38.818090_-76.371440,2023-10-05,38.81809,-76.37144,20.933,1.0,2023-10-05_38.818090_-76.371440.npz
2024-06-04_38.818090_-76.371440,2024-06-04,38.81809,-76.37144,11.748,1.0,2024-06-04_38.818090_-76.371440.npz
2024-07-16_38.818090_-76.371440,2024-07-16,38.81809,-76.37144,11.29,1.0,2024-07-16_38.818090_-76.371440.npz
2024-08-27_38.818090_-76.371440,2024-08-27,38.81809,-76.37144,23.282,1.0,2024-08-27_38.818090_-76.371440.npz
2021-06-23_38.814980_-76.462720,2021-06-23,38.81498,-76.46272,20.826,1.0,2021-06-23_38.814980_-76.462720.npz
2021-08-24_38.814980_-76.462720,2021-08-24,38.81498,-76.46272,22.784,1.0,2021-08-24_38.814980_-76.462720.npz
2022-04-12_38.814980_-76.462720,2022-04-12,38.81498,-76.46272,17.393,1.0,2022-04-12_38.814980_-76.462720.npz
2022-06-29_38.814980_-76.462720,2022-06-29,38.81498,-76.46272,26.486,1.0,2022-06-29_38.814980_-76.462720.npz
2022-08-23_38.814980_-76.462720,2022-08-23,38.81498,-76.46272,40.37,1.0,2022-08-23_38.814980_-76.462720.npz
2023-04-11_38.814980_-76.462720,2023-04-11,38.81498,-76.46272,7.369,1.0,2023-04-11_38.814980_-76.462720.npz
2023-08-08_38.814980_-76.462720,2023-08-08,38.81498,-76.46272,15.806,1.0,2023-08-08_38.814980_-76.462720.npz
2023-09-12_38.814980_-76.462720,2023-09-12,38.81498,-76.46272,8.391,1.0,2023-09-12_38.814980_-76.462720.npz
2023-10-05_38.814980_-76.462720,2023-10-05,38.81498,-76.46272,14.098,1.0,2023-10-05_38.814980_-76.462720.npz
2024-03-18_38.814980_-76.462720,2024-03-18,38.81498,-76.46272,13.03,1.0,2024-03-18_38.814980_-76.462720.npz
2024-06-04_38.814980_-76.462720,2024-06-04,38.81498,-76.46272,13.457,1.0,2024-06-04_38.814980_-76.462720.npz
2024-07-16_38.814980_-76.462720,2024-07-16,38.81498,-76.46272,20.506,1.0,2024-07-16_38.814980_-76.462720.npz
2024-08-13_38.814980_-76.462720,2024-08-13,38.81498,-76.46272,25.418,1.0,2024-08-13_38.814980_-76.462720.npz
2024-08-27_38.814980_-76.462720,2024-08-27,38.81498,-76.46272,79.032,1.0,2024-08-27_38.814980_-76.462720.npz
2021-06-23_38.646180_-76.421270,2021-06-23,38.64618,-76.42127,18.583,1.0,2021-06-23_38.646180_-76.421270.npz
2021-08-24_38.646180_-76.421270,2021-08-24,38.64618,-76.42127,10.039,1.0,2021-08-24_38.646180_-76.421270.npz
2021-10-05_38.646180_-76.421270,2021-10-05,38.64618,-76.42127,5.34,1.0,2021-10-05_38.646180_-76.421270.npz
2021-11-17_38.646180_-76.421270,2021-11-17,38.64618,-76.42127,10.36,1.0,2021-11-17_38.646180_-76.421270.npz
2022-01-26_38.646180_-76.421270,2022-01-26,38.64618,-76.42127,15.593,1.0,2022-01-26_38.646180_-76.421270.npz
2022-06-29_38.646180_-76.421270,2022-06-29,38.64618,-76.42127,9.459,1.0,2022-06-29_38.646180_-76.421270.npz
2022-08-23_38.646180_-76.421270,2022-08-23,38.64618,-76.42127,5.474,1.0,2022-08-23_38.646180_-76.421270.npz
2023-04-11_38.646180_-76.421270,2023-04-11,38.64618,-76.42127,8.437,0.7777777777777778,2023-04-11_38.646180_-76.421270.npz
2023-06-27_38.646180_-76.421270,2023-06-27,38.64618,-76.42127,9.826,1.0,2023-06-27_38.646180_-76.421270.npz
2023-08-08_38.646180_-76.421270,2023-08-08,38.64618,-76.42127,6.622,1.0,2023-08-08_38.646180_-76.421270.npz
2023-09-12_38.646180_-76.421270,2023-09-12,38.64618,-76.42127,10.894,1.0,2023-09-12_38.646180_-76.421270.npz
2023-10-05_38.646180_-76.421270,2023-10-05,38.64618,-76.42127,11.534,1.0,2023-10-05_38.646180_-76.421270.npz
2023-11-16_38.646180_-76.421270,2023-11-16,38.64618,-76.42127,14.418,1.0,2023-11-16_38.646180_-76.421270.npz
2023-12-13_38.646180_-76.421270,2023-12-13,38.64618,-76.42127,13.67,1.0,2023-12-13_38.646180_-76.421270.npz
2024-03-18_38.646180_-76.421270,2024-03-18,38.64618,-76.42127,14.525,1.0,2024-03-18_38.646180_-76.421270.npz
2024-06-04_38.646180_-76.421270,2024-06-04,38.64618,-76.42127,16.02,1.0,2024-06-04_38.646180_-76.421270.npz
2024-07-16_38.646180_-76.421270,2024-07-16,38.64618,-76.42127,10.68,1.0,2024-07-16_38.646180_-76.421270.npz
2024-08-27_38.646180_-76.421270,2024-08-27,38.64618,-76.42127,12.175,1.0,2024-08-27_38.646180_-76.421270.npz
2024-12-03_38.646180_-76.421270,2024-12-03,38.64618,-76.42127,4.425,1.0,2024-12-03_38.646180_-76.421270.npz
2021-06-23_38.644980_-76.401310,2021-06-23,38.64498,-76.40131,15.593,1.0,2021-06-23_38.644980_-76.401310.npz
2021-08-24_38.644980_-76.401310,2021-08-24,38.64498,-76.40131,9.185,1.0,2021-08-24_38.644980_-76.401310.npz
2021-10-05_38.644980_-76.401310,2021-10-05,38.64498,-76.40131,3.916,1.0,2021-10-05_38.644980_-76.401310.npz
2022-06-29_38.644980_-76.401310,2022-06-29,38.64498,-76.40131,9.154,1.0,2022-06-29_38.644980_-76.401310.npz
2023-06-27_38.644980_-76.401310,2023-06-27,38.64498,-76.40131,11.962,1.0,2023-06-27_38.644980_-76.401310.npz
2023-08-08_38.644980_-76.401310,2023-08-08,38.64498,-76.40131,6.194,1.0,2023-08-08_38.644980_-76.401310.npz
2023-09-12_38.644980_-76.401310,2023-09-12,38.64498,-76.40131,9.478,1.0,2023-09-12_38.644980_-76.401310.npz
2023-10-05_38.644980_-76.401310,2023-10-05,38.64498,-76.40131,12.068,1.0,2023-10-05_38.644980_-76.401310.npz
2024-03-18_38.644980_-76.401310,2024-03-18,38.64498,-76.40131,15.806,1.0,2024-03-18_38.644980_-76.401310.npz
2024-06-04_38.644980_-76.401310,2024-06-04,38.64498,-76.40131,15.379,1.0,2024-06-04_38.644980_-76.401310.npz
2024-07-16_38.644980_-76.401310,2024-07-16,38.64498,-76.40131,10.985,1.0,2024-07-16_38.644980_-76.401310.npz
2024-08-27_38.644980_-76.401310,2024-08-27,38.64498,-76.40131,10.039,1.0,2024-08-27_38.644980_-76.401310.npz
2021-06-23_38.643540_-76.502170,2021-06-23,38.64354,-76.50217,16.732,1.0,2021-06-23_38.643540_-76.502170.npz
2021-08-24_38.643540_-76.502170,2021-08-24,38.64354,-76.50217,39.516,1.0,2021-08-24_38.643540_-76.502170.npz
2021-10-05_38.643540_-76.502170,2021-10-05,38.64354,-76.50217,6.835,1.0,2021-10-05_38.643540_-76.502170.npz
2022-04-12_38.643540_-76.502170,2022-04-12,38.64354,-76.50217,16.478,0.8333333333333334,2022-04-12_38.643540_-76.502170.npz
2022-06-29_38.643540_-76.502170,2022-06-29,38.64354,-76.50217,18.156,1.0,2022-06-29_38.643540_-76.502170.npz
2022-08-23_38.643540_-76.502170,2022-08-23,38.64354,-76.50217,41.866,1.0,2022-08-23_38.643540_-76.502170.npz
2023-06-27_38.643540_-76.502170,2023-06-27,38.64354,-76.50217,10.502,1.0,2023-06-27_38.643540_-76.502170.npz
2023-09-12_38.643540_-76.502170,2023-09-12,38.64354,-76.50217,20.025,1.0,2023-09-12_38.643540_-76.502170.npz
2023-10-05_38.643540_-76.502170,2023-10-05,38.64354,-76.50217,15.913,1.0,2023-10-05_38.643540_-76.502170.npz
2024-03-18_38.643540_-76.502170,2024-03-18,38.64354,-76.50217,10.466,1.0,2024-03-18_38.643540_-76.502170.npz
2024-06-04_38.643540_-76.502170,2024-06-04,38.64354,-76.50217,13.457,1.0,2024-06-04_38.643540_-76.502170.npz
2024-07-16_38.643540_-76.502170,2024-07-16,38.64354,-76.50217,24.35,1.0,2024-07-16_38.643540_-76.502170.npz
2024-08-13_38.643540_-76.502170,2024-08-13,38.64354,-76.50217,18.37,1.0,2024-08-13_38.643540_-76.502170.npz
2021-06-23_38.555050_-76.427940,2021-06-23,38.55505,-76.42794,19.438,1.0,2021-06-23_38.555050_-76.427940.npz
2021-08-24_38.555050_-76.427940,2021-08-24,38.55505,-76.42794,8.758,1.0,2021-08-24_38.555050_-76.427940.npz
2021-11-17_38.555050_-76.427940,2021-11-17,38.55505,-76.42794,10.146,1.0,2021-11-17_38.555050_-76.427940.npz
2022-01-26_38.555050_-76.427940,2022-01-26,38.55505,-76.42794,14.738,1.0,2022-01-26_38.555050_-76.427940.npz
2022-06-29_38.555050_-76.427940,2022-06-29,38.55505,-76.42794,11.138,1.0,2022-06-29_38.555050_-76.427940.npz
2022-08-23_38.555050_-76.427940,2022-08-23,38.55505,-76.42794,6.008,1.0,2022-08-23_38.555050_-76.427940.npz
2023-04-11_38.555050_-76.427940,2023-04-11,38.55505,-76.42794,9.505,1.0,2023-04-11_38.555050_-76.427940.npz
2023-09-12_38.555050_-76.427940,2023-09-12,38.55505,-76.42794,12.149,1.0,2023-09-12_38.555050_-76.427940.npz
2023-10-05_38.555050_-76.427940,2023-10-05,38.55505,-76.42794,12.175,1.0,2023-10-05_38.555050_-76.427940.npz
2023-11-16_38.555050_-76.427940,2023-11-16,38.55505,-76.42794,10.146,1.0,2023-11-16_38.555050_-76.427940.npz
2023-12-13_38.555050_-76.427940,2023-12-13,38.55505,-76.42794,13.35,1.0,2023-12-13_38.555050_-76.427940.npz
2024-03-18_38.555050_-76.427940,2024-03-18,38.55505,-76.42794,15.166,0.7777777777777778,2024-03-18_38.555050_-76.427940.npz
2024-07-16_38.555050_-76.427940,2024-07-16,38.55505,-76.42794,11.595,1.0,2024-07-16_38.555050_-76.427940.npz
2024-08-27_38.555050_-76.427940,2024-08-27,38.55505,-76.42794,13.457,1.0,2024-08-27_38.555050_-76.427940.npz
2024-12-03_38.555050_-76.427940,2024-12-03,38.55505,-76.42794,4.73,1.0,2024-12-03_38.555050_-76.427940.npz
2021-06-23_38.556240_-76.391210,2021-06-23,38.55624,-76.39121,16.783,1.0,2021-06-23_38.556240_-76.391210.npz
2021-08-24_38.556240_-76.391210,2021-08-24,38.55624,-76.39121,17.942,1.0,2021-08-24_38.556240_-76.391210.npz
2021-10-05_38.556240_-76.391210,2021-10-05,38.55624,-76.39121,8.307,1.0,2021-10-05_38.556240_-76.391210.npz
2022-06-29_38.556240_-76.391210,2022-06-29,38.55624,-76.39121,6.866,1.0,2022-06-29_38.556240_-76.391210.npz
2023-04-11_38.556240_-76.391210,2023-04-11,38.55624,-76.39121,7.903,1.0,2023-04-11_38.556240_-76.391210.npz
2023-06-27_38.556240_-76.391210,2023-06-27,38.55624,-76.39121,9.826,1.0,2023-06-27_38.556240_-76.391210.npz
2023-08-08_38.556240_-76.391210,2023-08-08,38.55624,-76.39121,8.544,1.0,2023-08-08_38.556240_-76.391210.npz
2023-09-12_38.556240_-76.391210,2023-09-12,38.55624,-76.39121,6.408,1.0,2023-09-12_38.556240_-76.391210.npz
2023-10-05_38.556240_-76.391210,2023-10-05,38.55624,-76.39121,11.348,1.0,2023-10-05_38.556240_-76.391210.npz
2024-06-04_38.556240_-76.391210,2024-06-04,38.55624,-76.39121,8.758,1.0,2024-06-04_38.556240_-76.391210.npz
2024-07-16_38.556240_-76.391210,2024-07-16,38.55624,-76.39121,9.765,1.0,2024-07-16_38.556240_-76.391210.npz
2024-08-27_38.556240_-76.391210,2024-08-27,38.55624,-76.39121,11.321,1.0,2024-08-27_38.556240_-76.391210.npz
2021-06-23_38.557280_-76.494020,2021-06-23,38.55728,-76.49402,18.797,1.0,2021-06-23_38.557280_-76.494020.npz
2021-08-24_38.557280_-76.494020,2021-08-24,38.55728,-76.49402,33.642,1.0,2021-08-24_38.557280_-76.494020.npz
2022-06-29_38.557280_-76.494020,2022-06-29,38.55728,-76.49402,17.302,1.0,2022-06-29_38.557280_-76.494020.npz
2022-08-23_38.557280_-76.494020,2022-08-23,38.55728,-76.49402,63.368,1.0,2022-08-23_38.557280_-76.494020.npz
2023-04-11_38.557280_-76.494020,2023-04-11,38.55728,-76.49402,9.398,1.0,2023-04-11_38.557280_-76.494020.npz
2023-06-27_38.557280_-76.494020,2023-06-27,38.55728,-76.49402,11.443,1.0,2023-06-27_38.557280_-76.494020.npz
2023-08-08_38.557280_-76.494020,2023-08-08,38.55728,-76.49402,10.253,0.8888888888888888,2023-08-08_38.557280_-76.494020.npz
2023-09-12_38.557280_-76.494020,2023-09-12,38.55728,-76.49402,11.348,1.0,2023-09-12_38.557280_-76.494020.npz
2023-10-05_38.557280_-76.494020,2023-10-05,38.55728,-76.49402,17.408,1.0,2023-10-05_38.557280_-76.494020.npz
2024-03-18_38.557280_-76.494020,2024-03-18,38.55728,-76.49402,13.03,0.7777777777777778,2024-03-18_38.557280_-76.494020.npz
2024-06-04_38.557280_-76.494020,2024-06-04,38.55728,-76.49402,13.457,1.0,2024-06-04_38.557280_-76.494020.npz
2024-07-16_38.557280_-76.494020,2024-07-16,38.55728,-76.49402,19.834,1.0,2024-07-16_38.557280_-76.494020.npz
2024-08-13_38.557280_-76.494020,2024-08-13,38.55728,-76.49402,23.069,1.0,2024-08-13_38.557280_-76.494020.npz
2021-06-01_38.318700_-76.292150,2021-06-01,38.3187,-76.29215,13.884,1.0,2021-06-01_38.318700_-76.292150.npz
2021-07-06_38.318700_-76.292150,2021-07-06,38.3187,-76.29215,10.013,1.0,2021-07-06_38.318700_-76.292150.npz
2021-08-02_38.318700_-76.292150,2021-08-02,38.3187,-76.29215,9.307,1.0,2021-08-02_38.318700_-76.292150.npz
2022-06-06_38.318700_-76.292150,2022-06-06,38.3187,-76.29215,10.039,1.0,2022-06-06_38.318700_-76.292150.npz
2022-08-22_38.318700_-76.292150,2022-08-22,38.3187,-76.29215,6.542,0.8888888888888888,2022-08-22_38.318700_-76.292150.npz
2022-11-14_38.318700_-76.292150,2022-11-14,38.3187,-76.29215,4.699,1.0,2022-11-14_38.318700_-76.292150.npz
2023-01-09_38.318700_-76.292150,2023-01-09,38.3187,-76.29215,13.884,1.0,2023-01-09_38.318700_-76.292150.npz
2023-04-10_38.318700_-76.292150,2023-04-10,38.3187,-76.29215,5.874,1.0,2023-04-10_38.318700_-76.292150.npz
2023-09-11_38.318700_-76.292150,2023-09-11,38.3187,-76.29215,8.143,1.0,2023-09-11_38.318700_-76.292150.npz
2023-10-04_38.318700_-76.292150,2023-10-04,38.3187,-76.29215,15.379,1.0,2023-10-04_38.318700_-76.292150.npz
2024-04-15_38.318700_-76.292150,2024-04-15,38.3187,-76.29215,8.086,1.0,2024-04-15_38.318700_-76.292150.npz
2024-05-13_38.318700_-76.292150,2024-05-13,38.3187,-76.29215,9.154,1.0,2024-05-13_38.318700_-76.292150.npz
2024-08-12_38.318700_-76.292150,2024-08-12,38.3187,-76.29215,10.253,1.0,2024-08-12_38.318700_-76.292150.npz
2024-12-03_38.318700_-76.292150,2024-12-03,38.3187,-76.29215,6.194,1.0,2024-12-03_38.318700_-76.292150.npz
2021-07-06_38.137050_-76.227870,2021-07-06,38.13705,-76.22787,10.3465,1.0,2021-07-06_38.137050_-76.227870.npz
2021-08-02_38.137050_-76.227870,2021-08-02,38.13705,-76.22787,9.7645,1.0,2021-08-02_38.137050_-76.227870.npz
2022-03-14_38.137050_-76.227870,2022-03-14,38.13705,-76.22787,8.651,1.0,2022-03-14_38.137050_-76.227870.npz
2022-06-06_38.137050_-76.227870,2022-06-06,38.13705,-76.22787,8.3305,1.0,2022-06-06_38.137050_-76.227870.npz
2022-11-14_38.137050_-76.227870,2022-11-14,38.13705,-76.22787,5.500500000000001,1.0,2022-11-14_38.137050_-76.227870.npz
2023-01-09_38.137050_-76.227870,2023-01-09,38.13705,-76.22787,10.9765,1.0,2023-01-09_38.137050_-76.227870.npz
2023-04-10_38.137050_-76.227870,2023-04-10,38.13705,-76.22787,8.224,1.0,2023-04-10_38.137050_-76.227870.npz
2023-09-11_38.137050_-76.227870,2023-09-11,38.13705,-76.22787,6.141,0.9722222222222222,2023-09-11_38.137050_-76.227870.npz
2023-10-04_38.137050_-76.227870,2023-10-04,38.13705,-76.22787,11.5345,1.0,2023-10-04_38.137050_-76.227870.npz
2024-04-15_38.137050_-76.227870,2024-04-15,38.13705,-76.22787,15.7145,1.0,2024-04-15_38.137050_-76.227870.npz
2024-05-13_38.137050_-76.227870,2024-05-13,38.13705,-76.22787,4.501,1.0,2024-05-13_38.137050_-76.227870.npz
2024-12-03_38.137050_-76.227870,2024-12-03,38.13705,-76.22787,5.111000000000001,1.0,2024-12-03_38.137050_-76.227870.npz
2021-06-01_37.910110_-76.171370,2021-06-01,37.91011,-76.17137,7.781,1.0,2021-06-01_37.910110_-76.171370.npz
2021-07-06_37.910110_-76.171370,2021-07-06,37.91011,-76.17137,10.28,1.0,2021-07-06_37.910110_-76.171370.npz
2021-08-02_37.910110_-76.171370,2021-08-02,37.91011,-76.17137,7.476,1.0,2021-08-02_37.910110_-76.171370.npz
2021-12-07_37.910110_-76.171370,2021-12-07,37.91011,-76.17137,11.321,1.0,2021-12-07_37.910110_-76.171370.npz
2022-03-14_37.910110_-76.171370,2022-03-14,37.91011,-76.17137,10.413,1.0,2022-03-14_37.910110_-76.171370.npz
2022-08-22_37.910110_-76.171370,2022-08-22,37.91011,-76.17137,8.277,1.0,2022-08-22_37.910110_-76.171370.npz
2022-11-14_37.910110_-76.171370,2022-11-14,37.91011,-76.17137,4.272,0.9444444444444444,2022-11-14_37.910110_-76.171370.npz
2023-01-09_37.910110_-76.171370,2023-01-09,37.91011,-76.17137,7.018,1.0,2023-01-09_37.910110_-76.171370.npz
2023-04-10_37.910110_-76.171370,2023-04-10,37.91011,-76.17137,8.01,1.0,2023-04-10_37.910110_-76.171370.npz
2023-09-11_37.910110_-76.171370,2023-09-11,37.91011,-76.17137,5.447,1.0,2023-09-11_37.910110_-76.171370.npz
2023-10-04_37.910110_-76.171370,2023-10-04,37.91011,-76.17137,8.33,1.0,2023-10-04_37.910110_-76.171370.npz
2024-04-15_37.910110_-76.171370,2024-04-15,37.91011,-76.17137,15.593,1.0,2024-04-15_37.910110_-76.171370.npz
2024-05-13_37.910110_-76.171370,2024-05-13,37.91011,-76.17137,5.645,1.0,2024-05-13_37.910110_-76.171370.npz
2021-07-06_37.800130_-76.174660,2021-07-06,37.80013,-76.17466,7.78114,1.0,2021-07-06_37.800130_-76.174660.npz
2021-08-05_37.800130_-76.174660,2021-08-05,37.80013,-76.17466,13.6704,1.0,2021-08-05_37.800130_-76.174660.npz
2021-08-24_37.800130_-76.174660,2021-08-24,37.80013,-76.17466,8.01,1.0,2021-08-24_37.800130_-76.174660.npz
2021-11-09_37.800130_-76.174660,2021-11-09,37.80013,-76.17466,10.4664,1.0,2021-11-09_37.800130_-76.174660.npz
2022-06-09_37.800130_-76.174660,2022-06-09,37.80013,-76.17466,9.7455,1.0,2022-06-09_37.800130_-76.174660.npz
2022-06-30_37.800130_-76.174660,2022-06-30,37.80013,-76.17466,6.0075,1.0,2022-06-30_37.800130_-76.174660.npz
2022-10-19_37.800130_-76.174660,2022-10-19,37.80013,-76.17466,7.7964,1.0,2022-10-19_37.800130_-76.174660.npz
2023-05-08_37.800130_-76.174660,2023-05-08,37.80013,-76.17466,10.68,1.0,2023-05-08_37.800130_-76.174660.npz
2023-09-12_37.800130_-76.174660,2023-09-12,37.80013,-76.17466,3.5244,1.0,2023-09-12_37.800130_-76.174660.npz
2023-11-13_37.800130_-76.174660,2023-11-13,37.80013,-76.17466,6.3012,1.0,2023-11-13_37.800130_-76.174660.npz
2024-02-20_37.800130_-76.174660,2024-02-20,37.80013,-76.17466,5.874,1.0,2024-02-20_37.800130_-76.174660.npz
2024-03-14_37.800130_-76.174660,2024-03-14,37.80013,-76.17466,6.942,1.0,2024-03-14_37.800130_-76.174660.npz
2024-08-27_37.800130_-76.174660,2024-08-27,37.80013,-76.17466,7.0488,1.0,2024-08-27_37.800130_-76.174660.npz
2024-09-19_37.800130_-76.174660,2024-09-19,37.80013,-76.17466,8.1168,1.0,2024-09-19_37.800130_-76.174660.npz
2021-07-06_37.813470_-76.294670,2021-07-06,37.81347,-76.29467,9.15429,1.0,2021-07-06_37.813470_-76.294670.npz
2021-08-24_37.813470_-76.294670,2021-08-24,37.81347,-76.29467,8.23695,1.0,2021-08-24_37.813470_-76.294670.npz
2021-09-13_37.813470_-76.294670,2021-09-13,37.81347,-76.29467,7.2624,1.0,2021-09-13_37.813470_-76.294670.npz
2021-11-09_37.813470_-76.294670,2021-11-09,37.81347,-76.29467,10.4664,1.0,2021-11-09_37.813470_-76.294670.npz
2022-05-17_37.813470_-76.294670,2022-05-17,37.81347,-76.29467,4.4856,1.0,2022-05-17_37.813470_-76.294670.npz
2022-06-30_37.813470_-76.294670,2022-06-30,37.81347,-76.29467,6.2745,1.0,2022-06-30_37.813470_-76.294670.npz
2022-07-14_37.813470_-76.294670,2022-07-14,37.81347,-76.29467,7.6095,0.8611111111111112,2022-07-14_37.813470_-76.294670.npz
2022-08-23_37.813470_-76.294670,2022-08-23,37.81347,-76.29467,8.277,1.0,2022-08-23_37.813470_-76.294670.npz
2022-10-19_37.813470_-76.294670,2022-10-19,37.81347,-76.29467,4.9128,1.0,2022-10-19_37.813470_-76.294670.npz
2023-05-08_37.813470_-76.294670,2023-05-08,37.81347,-76.29467,5.34,0.9444444444444444,2023-05-08_37.813470_-76.294670.npz
2023-09-12_37.813470_-76.294670,2023-09-12,37.81347,-76.29467,5.7672,0.9166666666666666,2023-09-12_37.813470_-76.294670.npz
2023-11-13_37.813470_-76.294670,2023-11-13,37.81347,-76.29467,3.738,0.9722222222222222,2023-11-13_37.813470_-76.294670.npz
2024-02-20_37.813470_-76.294670,2024-02-20,37.81347,-76.29467,9.2916,1.0,2024-02-20_37.813470_-76.294670.npz
2024-03-14_37.813470_-76.294670,2024-03-14,37.81347,-76.29467,6.7818000000000005,1.0,2024-03-14_37.813470_-76.294670.npz
2024-08-27_37.813470_-76.294670,2024-08-27,37.81347,-76.29467,8.01,1.0,2024-08-27_37.813470_-76.294670.npz
2024-09-19_37.813470_-76.294670,2024-09-19,37.81347,-76.29467,8.3304,1.0,2024-09-19_37.813470_-76.294670.npz
2024-10-22_37.813470_-76.294670,2024-10-22,37.81347,-76.29467,3.9516,1.0,2024-10-22_37.813470_-76.294670.npz
2021-07-06_37.691800_-76.189670,2021-07-06,37.6918,-76.18967,9.91714,1.0,2021-07-06_37.691800_-76.189670.npz
2021-08-05_37.691800_-76.189670,2021-08-05,37.6918,-76.18967,8.7576,1.0,2021-08-05_37.691800_-76.189670.npz
2021-08-24_37.691800_-76.189670,2021-08-24,37.6918,-76.18967,4.0584,1.0,2021-08-24_37.691800_-76.189670.npz
2021-09-13_37.691800_-76.189670,2021-09-13,37.6918,-76.18967,7.2624,1.0,2021-09-13_37.691800_-76.189670.npz
2021-11-09_37.691800_-76.189670,2021-11-09,37.6918,-76.18967,8.01,1.0,2021-11-09_37.691800_-76.189670.npz
2022-03-14_37.691800_-76.189670,2022-03-14,37.6918,-76.18967,7.743,1.0,2022-03-14_37.691800_-76.189670.npz
2022-06-09_37.691800_-76.189670,2022-06-09,37.6918,-76.18967,5.607,1.0,2022-06-09_37.691800_-76.189670.npz
2022-06-30_37.691800_-76.189670,2022-06-30,37.6918,-76.18967,5.7405,1.0,2022-06-30_37.691800_-76.189670.npz
2022-07-14_37.691800_-76.189670,2022-07-14,37.6918,-76.18967,8.2236,1.0,2022-07-14_37.691800_-76.189670.npz
2022-08-23_37.691800_-76.189670,2022-08-23,37.6918,-76.18967,6.408,1.0,2022-08-23_37.691800_-76.189670.npz
2022-10-19_37.691800_-76.189670,2022-10-19,37.6918,-76.18967,6.6216,1.0,2022-10-19_37.691800_-76.189670.npz
2023-05-08_37.691800_-76.189670,2023-05-08,37.6918,-76.18967,5.6604,1.0,2023-05-08_37.691800_-76.189670.npz
2023-09-12_37.691800_-76.189670,2023-09-12,37.6918,-76.18967,2.3496,1.0,2023-09-12_37.691800_-76.189670.npz
2023-11-13_37.691800_-76.189670,2023-11-13,37.6918,-76.18967,7.0488,1.0,2023-11-13_37.691800_-76.189670.npz
2024-02-20_37.691800_-76.189670,2024-02-20,37.6918,-76.18967,5.7672,1.0,2024-02-20_37.691800_-76.189670.npz
2024-08-27_37.691800_-76.189670,2024-08-27,37.6918,-76.18967,5.874,1.0,2024-08-27_37.691800_-76.189670.npz
2024-09-19_37.691800_-76.189670,2024-09-19,37.6918,-76.18967,8.01,1.0,2024-09-19_37.691800_-76.189670.npz
2021-07-06_37.588470_-76.162160,2021-07-06,37.58847,-76.16216,8.08629,1.0,2021-07-06_37.588470_-76.162160.npz
2021-08-24_37.588470_-76.162160,2021-08-24,37.58847,-76.16216,4.9128,1.0,2021-08-24_37.588470_-76.162160.npz
2021-09-13_37.588470_-76.162160,2021-09-13,37.58847,-76.16216,7.6896,1.0,2021-09-13_37.588470_-76.162160.npz
2021-11-09_37.588470_-76.162160,2021-11-09,37.58847,-76.16216,7.6896,1.0,2021-11-09_37.588470_-76.162160.npz
2022-06-09_37.588470_-76.162160,2022-06-09,37.58847,-76.16216,6.141,1.0,2022-06-09_37.588470_-76.162160.npz
2022-06-30_37.588470_-76.162160,2022-06-30,37.58847,-76.16216,5.4735,1.0,2022-06-30_37.588470_-76.162160.npz
2022-08-23_37.588470_-76.162160,2022-08-23,37.58847,-76.16216,21.627,1.0,2022-08-23_37.588470_-76.162160.npz
2022-10-19_37.588470_-76.162160,2022-10-19,37.58847,-76.16216,6.1944,1.0,2022-10-19_37.588470_-76.162160.npz
2023-05-08_37.588470_-76.162160,2023-05-08,37.58847,-76.16216,3.5244,1.0,2023-05-08_37.588470_-76.162160.npz
2023-09-12_37.588470_-76.162160,2023-09-12,37.58847,-76.16216,5.7672,1.0,2023-09-12_37.588470_-76.162160.npz
2023-11-13_37.588470_-76.162160,2023-11-13,37.58847,-76.16216,7.476,1.0,2023-11-13_37.588470_-76.162160.npz
2024-02-20_37.588470_-76.162160,2024-02-20,37.58847,-76.16216,6.0876,1.0,2024-02-20_37.588470_-76.162160.npz
2024-08-27_37.588470_-76.162160,2024-08-27,37.58847,-76.16216,5.9808,1.0,2024-08-27_37.588470_-76.162160.npz
2024-09-19_37.588470_-76.162160,2024-09-19,37.58847,-76.16216,7.476,1.0,2024-09-19_37.588470_-76.162160.npz
2021-07-06_37.486800_-76.156330,2021-07-06,37.4868,-76.15633,7.32343,1.0,2021-07-06_37.486800_-76.156330.npz
2021-08-05_37.486800_-76.156330,2021-08-05,37.4868,-76.15633,7.476,1.0,2021-08-05_37.486800_-76.156330.npz
2021-08-24_37.486800_-76.156330,2021-08-24,37.4868,-76.15633,3.9516,1.0,2021-08-24_37.486800_-76.156330.npz
2021-11-09_37.486800_-76.156330,2021-11-09,37.4868,-76.15633,10.0392,1.0,2021-11-09_37.486800_-76.156330.npz
2022-05-17_37.486800_-76.156330,2022-05-17,37.4868,-76.15633,3.738,1.0,2022-05-17_37.486800_-76.156330.npz
2022-06-09_37.486800_-76.156330,2022-06-09,37.4868,-76.15633,6.0075,1.0,2022-06-09_37.486800_-76.156330.npz
2022-06-30_37.486800_-76.156330,2022-06-30,37.4868,-76.15633,8.4105,1.0,2022-06-30_37.486800_-76.156330.npz
2022-08-23_37.486800_-76.156330,2022-08-23,37.4868,-76.15633,3.6045,1.0,2022-08-23_37.486800_-76.156330.npz
2023-05-08_37.486800_-76.156330,2023-05-08,37.4868,-76.15633,4.0584,1.0,2023-05-08_37.486800_-76.156330.npz
2023-09-12_37.486800_-76.156330,2023-09-12,37.4868,-76.15633,3.5244,1.0,2023-09-12_37.486800_-76.156330.npz
2023-11-13_37.486800_-76.156330,2023-11-13,37.4868,-76.15633,3.5244,1.0,2023-11-13_37.486800_-76.156330.npz
2024-02-21_37.486800_-76.156330,2024-02-21,37.4868,-76.15633,6.3012,1.0,2024-02-21_37.486800_-76.156330.npz
2024-08-27_37.486800_-76.156330,2024-08-27,37.4868,-76.15633,4.5924,1.0,2024-08-27_37.486800_-76.156330.npz
2024-09-19_37.486800_-76.156330,2024-09-19,37.4868,-76.15633,4.6992,1.0,2024-09-19_37.486800_-76.156330.npz
2021-07-06_37.411530_-76.159660,2021-07-06,37.41153,-76.15966,7.32343,1.0,2021-07-06_37.411530_-76.159660.npz
2021-08-05_37.411530_-76.159660,2021-08-05,37.41153,-76.15966,7.95067,1.0,2021-08-05_37.411530_-76.159660.npz
2021-08-24_37.411530_-76.159660,2021-08-24,37.41153,-76.15966,6.7284,1.0,2021-08-24_37.411530_-76.159660.npz
2021-09-13_37.411530_-76.159660,2021-09-13,37.41153,-76.15966,5.9808,1.0,2021-09-13_37.411530_-76.159660.npz
2021-11-09_37.411530_-76.159660,2021-11-09,37.41153,-76.15966,6.6216,1.0,2021-11-09_37.411530_-76.159660.npz
2022-05-17_37.411530_-76.159660,2022-05-17,37.41153,-76.15966,3.738,1.0,2022-05-17_37.411530_-76.159660.npz
2022-06-09_37.411530_-76.159660,2022-06-09,37.41153,-76.15966,6.2745,1.0,2022-06-09_37.411530_-76.159660.npz
2022-06-30_37.411530_-76.159660,2022-06-30,37.41153,-76.15966,7.8765,0.9722222222222222,2022-06-30_37.411530_-76.159660.npz
2022-08-23_37.411530_-76.159660,2022-08-23,37.41153,-76.15966,3.026,1.0,2022-08-23_37.411530_-76.159660.npz
2022-10-19_37.411530_-76.159660,2022-10-19,37.41153,-76.15966,5.1264,1.0,2022-10-19_37.411530_-76.159660.npz
2023-09-12_37.411530_-76.159660,2023-09-12,37.41153,-76.15966,1.8156,1.0,2023-09-12_37.411530_-76.159660.npz
2023-10-10_37.411530_-76.159660,2023-10-10,37.41153,-76.15966,5.5536,1.0,2023-10-10_37.411530_-76.159660.npz
2023-11-13_37.411530_-76.159660,2023-11-13,37.41153,-76.15966,5.4735,1.0,2023-11-13_37.411530_-76.159660.npz
2024-09-19_37.411530_-76.159660,2024-09-19,37.41153,-76.15966,7.3692,1.0,2024-09-19_37.411530_-76.159660.npz
2021-07-06_37.236530_-76.207990,2021-07-06,37.23653,-76.20799,6.86571,1.0,2021-07-06_37.236530_-76.207990.npz
2021-08-06_37.236530_-76.207990,2021-08-06,37.23653,-76.20799,6.5148,1.0,2021-08-06_37.236530_-76.207990.npz
2021-08-24_37.236530_-76.207990,2021-08-24,37.23653,-76.20799,5.34,1.0,2021-08-24_37.236530_-76.207990.npz
2021-09-13_37.236530_-76.207990,2021-09-13,37.23653,-76.20799,3.204,1.0,2021-09-13_37.236530_-76.207990.npz
2021-10-14_37.236530_-76.207990,2021-10-14,37.23653,-76.20799,4.6992,1.0,2021-10-14_37.236530_-76.207990.npz
2021-11-09_37.236530_-76.207990,2021-11-09,37.23653,-76.20799,6.408,1.0,2021-11-09_37.236530_-76.207990.npz
2022-12-05_37.236530_-76.207990,2022-12-05,37.23653,-76.20799,5.4468,0.8888888888888888,2022-12-05_37.236530_-76.207990.npz
2023-05-08_37.236530_-76.207990,2023-05-08,37.23653,-76.20799,2.8836,1.0,2023-05-08_37.236530_-76.207990.npz
2023-09-12_37.236530_-76.207990,2023-09-12,37.23653,-76.20799,1.1748,1.0,2023-09-12_37.236530_-76.207990.npz
2023-10-10_37.236530_-76.207990,2023-10-10,37.23653,-76.20799,8.3304,1.0,2023-10-10_37.236530_-76.207990.npz
2023-11-13_37.236530_-76.207990,2023-11-13,37.23653,-76.20799,3.5244,1.0,2023-11-13_37.236530_-76.207990.npz
2024-02-20_37.236530_-76.207990,2024-02-20,37.23653,-76.20799,6.1944,1.0,2024-02-20_37.236530_-76.207990.npz
2024-08-27_37.236530_-76.207990,2024-08-27,37.23653,-76.20799,4.4856,1.0,2024-08-27_37.236530_-76.207990.npz
2024-09-19_37.236530_-76.207990,2024-09-19,37.23653,-76.20799,4.005,1.0,2024-09-19_37.236530_-76.207990.npz
2021-10-13_37.683460_-75.989660,2021-10-13,37.68346,-75.98966,8.8644,1.0,2021-10-13_37.683460_-75.989660.npz
2021-11-10_37.683460_-75.989660,2021-11-10,37.68346,-75.98966,10.5732,1.0,2021-11-10_37.683460_-75.989660.npz
2022-05-18_37.683460_-75.989660,2022-05-18,37.68346,-75.98966,3.204,1.0,2022-05-18_37.683460_-75.989660.npz
2022-06-29_37.683460_-75.989660,2022-06-29,37.68346,-75.98966,6.0075,1.0,2022-06-29_37.683460_-75.989660.npz
2022-07-11_37.683460_-75.989660,2022-07-11,37.68346,-75.98966,8.1435,0.9166666666666666,2022-07-11_37.683460_-75.989660.npz
2022-08-10_37.683460_-75.989660,2022-08-10,37.68346,-75.98966,6.86572,1.0,2022-08-10_37.683460_-75.989660.npz
2023-08-16_37.683460_-75.989660,2023-08-16,37.68346,-75.98966,13.0296,1.0,2023-08-16_37.683460_-75.989660.npz
2023-09-11_37.683460_-75.989660,2023-09-11,37.68346,-75.98966,4.6992,1.0,2023-09-11_37.683460_-75.989660.npz
2024-01-22_37.683460_-75.989660,2024-01-22,37.68346,-75.98966,9.612,1.0,2024-01-22_37.683460_-75.989660.npz
2024-02-21_37.683460_-75.989660,2024-02-21,37.68346,-75.98966,7.9032,1.0,2024-02-21_37.683460_-75.989660.npz
2024-03-14_37.683460_-75.989660,2024-03-14,37.68346,-75.98966,12.6024,1.0,2024-03-14_37.683460_-75.989660.npz
2024-04-16_37.683460_-75.989660,2024-04-16,37.68346,-75.98966,11.214,1.0,2024-04-16_37.683460_-75.989660.npz
2024-06-11_37.683460_-75.989660,2024-06-11,37.68346,-75.98966,7.476,1.0,2024-06-11_37.683460_-75.989660.npz
2024-08-12_37.683460_-75.989660,2024-08-12,37.68346,-75.98966,7.6896,1.0,2024-08-12_37.683460_-75.989660.npz
2025-01-13_37.683460_-75.989660,2025-01-13,37.68346,-75.98966,4.6992,1.0,2025-01-13_37.683460_-75.989660.npz
2021-06-24_37.775130_-75.974660,2021-06-24,37.77513,-75.97466,7.476,1.0,2021-06-24_37.775130_-75.974660.npz
2021-10-13_37.775130_-75.974660,2021-10-13,37.77513,-75.97466,5.7672,1.0,2021-10-13_37.775130_-75.974660.npz
2021-11-10_37.775130_-75.974660,2021-11-10,37.77513,-75.97466,10.68,1.0,2021-11-10_37.775130_-75.974660.npz
2022-05-18_37.775130_-75.974660,2022-05-18,37.77513,-75.97466,3.4176,1.0,2022-05-18_37.775130_-75.974660.npz
2022-06-29_37.775130_-75.974660,2022-06-29,37.77513,-75.97466,7.9032,1.0,2022-06-29_37.775130_-75.974660.npz
2022-07-11_37.775130_-75.974660,2022-07-11,37.77513,-75.97466,8.6775,0.9166666666666666,2022-07-11_37.775130_-75.974660.npz
2022-08-10_37.775130_-75.974660,2022-08-10,37.77513,-75.97466,9.612,1.0,2022-08-10_37.775130_-75.974660.npz
2023-04-26_37.775130_-75.974660,2023-04-26,37.77513,-75.97466,4.272,1.0,2023-04-26_37.775130_-75.974660.npz
2023-08-16_37.775130_-75.974660,2023-08-16,37.77513,-75.97466,10.8936,1.0,2023-08-16_37.775130_-75.974660.npz
2023-09-11_37.775130_-75.974660,2023-09-11,37.77513,-75.97466,5.6604,1.0,2023-09-11_37.775130_-75.974660.npz
2024-01-22_37.775130_-75.974660,2024-01-22,37.77513,-75.97466,8.7576,1.0,2024-01-22_37.775130_-75.974660.npz
2024-02-21_37.775130_-75.974660,2024-02-21,37.77513,-75.97466,8.1168,1.0,2024-02-21_37.775130_-75.974660.npz
2024-03-14_37.775130_-75.974660,2024-03-14,37.77513,-75.97466,10.146,1.0,2024-03-14_37.775130_-75.974660.npz
2024-04-16_37.775130_-75.974660,2024-04-16,37.77513,-75.97466,12.4956,1.0,2024-04-16_37.775130_-75.974660.npz
2024-06-11_37.775130_-75.974660,2024-06-11,37.77513,-75.97466,7.209,1.0,2024-06-11_37.775130_-75.974660.npz
2025-01-13_37.775130_-75.974660,2025-01-13,37.77513,-75.97466,4.4856,1.0,2025-01-13_37.775130_-75.974660.npz
2021-05-13_37.411530_-76.079660,2021-05-13,37.41153,-76.07966,5.2332,1.0,2021-05-13_37.411530_-76.079660.npz
2021-06-24_37.411530_-76.079660,2021-06-24,37.41153,-76.07966,5.03486,1.0,2021-06-24_37.411530_-76.079660.npz
2021-11-10_37.411530_-76.079660,2021-11-10,37.41153,-76.07966,9.7188,1.0,2021-11-10_37.411530_-76.079660.npz
2022-04-25_37.411530_-76.079660,2022-04-25,37.41153,-76.07966,8.6775,1.0,2022-04-25_37.411530_-76.079660.npz
2022-05-18_37.411530_-76.079660,2022-05-18,37.41153,-76.07966,4.0584,1.0,2022-05-18_37.411530_-76.079660.npz
2022-06-10_37.411530_-76.079660,2022-06-10,37.41153,-76.07966,5.34,1.0,2022-06-10_37.411530_-76.079660.npz
2022-07-11_37.411530_-76.079660,2022-07-11,37.41153,-76.07966,7.8765,1.0,2022-07-11_37.411530_-76.079660.npz
2022-08-10_37.411530_-76.079660,2022-08-10,37.41153,-76.07966,5.4735,1.0,2022-08-10_37.411530_-76.079660.npz
2023-08-16_37.411530_-76.079660,2023-08-16,37.41153,-76.07966,6.8352,1.0,2023-08-16_37.411530_-76.079660.npz
2023-09-11_37.411530_-76.079660,2023-09-11,37.41153,-76.07966,2.136,0.9444444444444444,2023-09-11_37.411530_-76.079660.npz
2024-01-22_37.411530_-76.079660,2024-01-22,37.41153,-76.07966,5.9808,1.0,2024-01-22_37.411530_-76.079660.npz
2024-02-20_37.411530_-76.079660,2024-02-20,37.41153,-76.07966,5.5536,1.0,2024-02-20_37.411530_-76.079660.npz
2024-03-14_37.411530_-76.079660,2024-03-14,37.41153,-76.07966,8.3304,1.0,2024-03-14_37.411530_-76.079660.npz
2024-05-13_37.411530_-76.079660,2024-05-13,37.41153,-76.07966,4.1652,1.0,2024-05-13_37.411530_-76.079660.npz
2024-06-11_37.411530_-76.079660,2024-06-11,37.41153,-76.07966,9.2916,1.0,2024-06-11_37.411530_-76.079660.npz
2024-08-12_37.411530_-76.079660,2024-08-12,37.41153,-76.07966,6.5148,1.0,2024-08-12_37.411530_-76.079660.npz
2024-12-10_37.411530_-76.079660,2024-12-10,37.41153,-76.07966,6.2478,1.0,2024-12-10_37.411530_-76.079660.npz
2025-01-13_37.411530_-76.079660,2025-01-13,37.41153,-76.07966,2.8836000000000004,1.0,2025-01-13_37.411530_-76.079660.npz
2021-06-24_37.411530_-76.024660,2021-06-24,37.41153,-76.02466,5.49257,1.0,2021-06-24_37.411530_-76.024660.npz
2021-11-10_37.411530_-76.024660,2021-11-10,37.41153,-76.02466,6.3012,1.0,2021-11-10_37.411530_-76.024660.npz
2022-04-25_37.411530_-76.024660,2022-04-25,37.41153,-76.02466,6.5415,1.0,2022-04-25_37.411530_-76.024660.npz
2022-05-18_37.411530_-76.024660,2022-05-18,37.41153,-76.02466,7.1556,1.0,2022-05-18_37.411530_-76.024660.npz
2022-06-10_37.411530_-76.024660,2022-06-10,37.41153,-76.02466,4.539,1.0,2022-06-10_37.411530_-76.024660.npz
2022-06-29_37.411530_-76.024660,2022-06-29,37.41153,-76.02466,7.3692,1.0,2022-06-29_37.411530_-76.024660.npz
2022-07-11_37.411530_-76.024660,2022-07-11,37.41153,-76.02466,7.6095,0.8611111111111112,2022-07-11_37.411530_-76.024660.npz
2022-08-10_37.411530_-76.024660,2022-08-10,37.41153,-76.02466,5.874,1.0,2022-08-10_37.411530_-76.024660.npz
2023-08-16_37.411530_-76.024660,2023-08-16,37.41153,-76.02466,8.4372,1.0,2023-08-16_37.411530_-76.024660.npz
2023-09-11_37.411530_-76.024660,2023-09-11,37.41153,-76.02466,3.204,1.0,2023-09-11_37.411530_-76.024660.npz
2024-01-22_37.411530_-76.024660,2024-01-22,37.41153,-76.02466,4.672499999999999,1.0,2024-01-22_37.411530_-76.024660.npz
2024-02-20_37.411530_-76.024660,2024-02-20,37.41153,-76.02466,4.5924,1.0,2024-02-20_37.411530_-76.024660.npz
2024-04-16_37.411530_-76.024660,2024-04-16,37.41153,-76.02466,6.942,1.0,2024-04-16_37.411530_-76.024660.npz
2024-05-13_37.411530_-76.024660,2024-05-13,37.41153,-76.02466,6.408,1.0,2024-05-13_37.411530_-76.024660.npz
2024-06-11_37.411530_-76.024660,2024-06-11,37.41153,-76.02466,5.6604,1.0,2024-06-11_37.411530_-76.024660.npz
2024-08-12_37.411530_-76.024660,2024-08-12,37.41153,-76.02466,6.4614,1.0,2024-08-12_37.411530_-76.024660.npz
2024-10-22_37.411530_-76.024660,2024-10-22,37.41153,-76.02466,7.1556,1.0,2024-10-22_37.411530_-76.024660.npz
2024-12-10_37.411530_-76.024660,2024-12-10,37.41153,-76.02466,6.0876,1.0,2024-12-10_37.411530_-76.024660.npz
2025-01-13_37.411530_-76.024660,2025-01-13,37.41153,-76.02466,3.5244,1.0,2025-01-13_37.411530_-76.024660.npz
2021-06-01_37.116810_-76.125210,2021-06-01,37.11681,-76.12521,5.6604,1.0,2021-06-01_37.116810_-76.125210.npz
2021-08-05_37.116810_-76.125210,2021-08-05,37.11681,-76.12521,7.00133,1.0,2021-08-05_37.116810_-76.125210.npz
2021-08-25_37.116810_-76.125210,2021-08-25,37.11681,-76.12521,3.204,1.0,2021-08-25_37.116810_-76.125210.npz
2021-11-10_37.116810_-76.125210,2021-11-10,37.11681,-76.12521,5.5536,1.0,2021-11-10_37.116810_-76.125210.npz
2022-10-20_37.116810_-76.125210,2022-10-20,37.11681,-76.12521,5.2332,1.0,2022-10-20_37.116810_-76.125210.npz
2023-05-08_37.116810_-76.125210,2023-05-08,37.11681,-76.12521,1.8156,1.0,2023-05-08_37.116810_-76.125210.npz
2024-02-22_37.116810_-76.125210,2024-02-22,37.11681,-76.12521,4.3788,1.0,2024-02-22_37.116810_-76.125210.npz
2024-04-15_37.116810_-76.125210,2024-04-15,37.11681,-76.12521,5.4468,1.0,2024-04-15_37.116810_-76.125210.npz
2024-06-11_37.116810_-76.125210,2024-06-11,37.11681,-76.12521,5.4468,1.0,2024-06-11_37.116810_-76.125210.npz
2025-01-13_37.116810_-76.125210,2025-01-13,37.11681,-76.12521,2.136,1.0,2025-01-13_37.116810_-76.125210.npz
2025-02-18_37.116810_-76.125210,2025-02-18,37.11681,-76.12521,1.4952,1.0,2025-02-18_37.116810_-76.125210.npz
2021-07-06_37.228750_-76.053830,2021-07-06,37.22875,-76.05383,4.42457,1.0,2021-07-06_37.228750_-76.053830.npz
2021-11-10_37.228750_-76.053830,2021-11-10,37.22875,-76.05383,5.7672,1.0,2021-11-10_37.228750_-76.053830.npz
2022-05-18_37.228750_-76.053830,2022-05-18,37.22875,-76.05383,7.3425,1.0,2022-05-18_37.228750_-76.053830.npz
2022-06-29_37.228750_-76.053830,2022-06-29,37.22875,-76.05383,6.875249999999999,1.0,2022-06-29_37.228750_-76.053830.npz
2022-08-10_37.228750_-76.053830,2022-08-10,37.22875,-76.05383,4.272,1.0,2022-08-10_37.228750_-76.053830.npz
2022-10-20_37.228750_-76.053830,2022-10-20,37.22875,-76.05383,6.8352,1.0,2022-10-20_37.228750_-76.053830.npz
2023-08-16_37.228750_-76.053830,2023-08-16,37.22875,-76.05383,5.0196,0.8888888888888888,2023-08-16_37.228750_-76.053830.npz
2023-09-11_37.228750_-76.053830,2023-09-11,37.22875,-76.05383,1.602,0.9444444444444444,2023-09-11_37.228750_-76.053830.npz
2024-01-22_37.228750_-76.053830,2024-01-22,37.22875,-76.05383,5.607,1.0,2024-01-22_37.228750_-76.053830.npz
2024-02-20_37.228750_-76.053830,2024-02-20,37.22875,-76.05383,4.806,1.0,2024-02-20_37.228750_-76.053830.npz
2024-05-13_37.228750_-76.053830,2024-05-13,37.22875,-76.05383,5.2332,1.0,2024-05-13_37.228750_-76.053830.npz
2024-06-11_37.228750_-76.053830,2024-06-11,37.22875,-76.05383,4.806,1.0,2024-06-11_37.228750_-76.053830.npz
2025-01-13_37.228750_-76.053830,2025-01-13,37.22875,-76.05383,4.5924,1.0,2025-01-13_37.228750_-76.053830.npz
2021-06-01_36.995700_-76.020480,2021-06-01,36.9957,-76.02048,5.1264,1.0,2021-06-01_36.995700_-76.020480.npz
2021-08-06_36.995700_-76.020480,2021-08-06,36.9957,-76.02048,3.4176,1.0,2021-08-06_36.995700_-76.020480.npz
2021-08-25_36.995700_-76.020480,2021-08-25,36.9957,-76.02048,3.6312,1.0,2021-08-25_36.995700_-76.020480.npz
2021-10-14_36.995700_-76.020480,2021-10-14,36.9957,-76.02048,6.408,1.0,2021-10-14_36.995700_-76.020480.npz
2021-12-06_36.995700_-76.020480,2021-12-06,36.9957,-76.02048,7.2624,1.0,2021-12-06_36.995700_-76.020480.npz
2022-06-10_36.995700_-76.020480,2022-06-10,36.9957,-76.02048,3.4176,1.0,2022-06-10_36.995700_-76.020480.npz
2022-09-15_36.995700_-76.020480,2022-09-15,36.9957,-76.02048,4.5924,1.0,2022-09-15_36.995700_-76.020480.npz
2022-10-20_36.995700_-76.020480,2022-10-20,36.9957,-76.02048,4.5924,1.0,2022-10-20_36.995700_-76.020480.npz
2023-05-08_36.995700_-76.020480,2023-05-08,36.9957,-76.02048,2.0292,1.0,2023-05-08_36.995700_-76.020480.npz
2023-06-27_36.995700_-76.020480,2023-06-27,36.9957,-76.02048,3.0972,1.0,2023-06-27_36.995700_-76.020480.npz
2023-07-12_36.995700_-76.020480,2023-07-12,36.9957,-76.02048,4.272,1.0,2023-07-12_36.995700_-76.020480.npz
2023-11-16_36.995700_-76.020480,2023-11-16,36.9957,-76.02048,12.816,1.0,2023-11-16_36.995700_-76.020480.npz
2024-04-15_36.995700_-76.020480,2024-04-15,36.9957,-76.02048,5.1264,1.0,2024-04-15_36.995700_-76.020480.npz
2024-09-20_36.995700_-76.020480,2024-09-20,36.9957,-76.02048,4.5924,1.0,2024-09-20_36.995700_-76.020480.npz
2021-06-01_37.062370_-75.999370,2021-06-01,37.06237,-75.99937,3.5244,1.0,2021-06-01_37.062370_-75.999370.npz
2021-08-06_37.062370_-75.999370,2021-08-06,37.06237,-75.99937,2.4564,1.0,2021-08-06_37.062370_-75.999370.npz
2021-08-25_37.062370_-75.999370,2021-08-25,37.06237,-75.99937,2.4564,1.0,2021-08-25_37.062370_-75.999370.npz
2021-10-14_37.062370_-75.999370,2021-10-14,37.06237,-75.99937,4.9128,1.0,2021-10-14_37.062370_-75.999370.npz
2021-12-06_37.062370_-75.999370,2021-12-06,37.06237,-75.99937,3.738,1.0,2021-12-06_37.062370_-75.999370.npz
2022-06-10_37.062370_-75.999370,2022-06-10,37.06237,-75.99937,2.937,1.0,2022-06-10_37.062370_-75.999370.npz
2022-09-15_37.062370_-75.999370,2022-09-15,37.06237,-75.99937,3.9516,1.0,2022-09-15_37.062370_-75.999370.npz
2022-10-20_37.062370_-75.999370,2022-10-20,37.06237,-75.99937,5.6604,1.0,2022-10-20_37.062370_-75.999370.npz
2023-05-08_37.062370_-75.999370,2023-05-08,37.06237,-75.99937,1.8156,1.0,2023-05-08_37.062370_-75.999370.npz
2023-06-27_37.062370_-75.999370,2023-06-27,37.06237,-75.99937,3.204,1.0,2023-06-27_37.062370_-75.999370.npz
2023-07-12_37.062370_-75.999370,2023-07-12,37.06237,-75.99937,3.5778,1.0,2023-07-12_37.062370_-75.999370.npz
2023-11-16_37.062370_-75.999370,2023-11-16,37.06237,-75.99937,6.0876,1.0,2023-11-16_37.062370_-75.999370.npz
2024-04-15_37.062370_-75.999370,2024-04-15,37.06237,-75.99937,5.0196,1.0,2024-04-15_37.062370_-75.999370.npz
2024-09-20_37.062370_-75.999370,2024-09-20,37.06237,-75.99937,5.4468,1.0,2024-09-20_37.062370_-75.999370.npz
2021-06-01_36.995420_-76.167720,2021-06-01,36.99542,-76.16772,6.6216,0.9722222222222222,2021-06-01_36.995420_-76.167720.npz
2021-08-05_36.995420_-76.167720,2021-08-05,36.99542,-76.16772,8.30667,1.0,2021-08-05_36.995420_-76.167720.npz
2021-12-06_36.995420_-76.167720,2021-12-06,36.99542,-76.16772,8.2236,1.0,2021-12-06_36.995420_-76.167720.npz
2022-05-17_36.995420_-76.167720,2022-05-17,36.99542,-76.16772,8.1435,1.0,2022-05-17_36.995420_-76.167720.npz
2022-09-15_36.995420_-76.167720,2022-09-15,36.99542,-76.16772,7.209,0.9722222222222222,2022-09-15_36.995420_-76.167720.npz
2023-07-12_36.995420_-76.167720,2023-07-12,36.99542,-76.16772,5.2332,1.0,2023-07-12_36.995420_-76.167720.npz
2023-11-16_36.995420_-76.167720,2023-11-16,36.99542,-76.16772,5.6604,1.0,2023-11-16_36.995420_-76.167720.npz
2024-04-15_36.995420_-76.167720,2024-04-15,36.99542,-76.16772,6.5148,1.0,2024-04-15_36.995420_-76.167720.npz
2024-08-27_36.995420_-76.167720,2024-08-27,36.99542,-76.16772,2.4564,1.0,2024-08-27_36.995420_-76.167720.npz
2024-09-20_36.995420_-76.167720,2024-09-20,36.99542,-76.16772,8.8644,1.0,2024-09-20_36.995420_-76.167720.npz
2025-02-18_36.995420_-76.167720,2025-02-18,36.99542,-76.16772,3.0972,0.8611111111111112,2025-02-18_36.995420_-76.167720.npz
2021-06-01_36.947370_-76.034940,2021-06-01,36.94737,-76.03494,6.5148,1.0,2021-06-01_36.947370_-76.034940.npz
2021-08-06_36.947370_-76.034940,2021-08-06,36.94737,-76.03494,6.0876,1.0,2021-08-06_36.947370_-76.034940.npz
2021-08-25_36.947370_-76.034940,2021-08-25,36.94737,-76.03494,5.0196,1.0,2021-08-25_36.947370_-76.034940.npz
2021-10-14_36.947370_-76.034940,2021-10-14,36.94737,-76.03494,4.9128,0.9722222222222222,2021-10-14_36.947370_-76.034940.npz
2022-08-22_36.947370_-76.034940,2022-08-22,36.94737,-76.03494,1.9224,0.9722222222222222,2022-08-22_36.947370_-76.034940.npz
2022-10-20_36.947370_-76.034940,2022-10-20,36.94737,-76.03494,5.4468,1.0,2022-10-20_36.947370_-76.034940.npz
2023-06-27_36.947370_-76.034940,2023-06-27,36.94737,-76.03494,3.6312,1.0,2023-06-27_36.947370_-76.034940.npz
2023-07-12_36.947370_-76.034940,2023-07-12,36.94737,-76.03494,5.1264,1.0,2023-07-12_36.947370_-76.034940.npz
2023-11-16_36.947370_-76.034940,2023-11-16,36.94737,-76.03494,7.7964,1.0,2023-11-16_36.947370_-76.034940.npz
2024-04-15_36.947370_-76.034940,2024-04-15,36.94737,-76.03494,7.6896,1.0,2024-04-15_36.947370_-76.034940.npz
2024-09-20_36.947370_-76.034940,2024-09-20,36.94737,-76.03494,6.3012,1.0,2024-09-20_36.947370_-76.034940.npz
2025-02-18_36.947370_-76.034940,2025-02-18,36.94737,-76.03494,2.4564,1.0,2025-02-18_36.947370_-76.034940.npz
