Station,Date,CHLA,DO,SALINITY,TN,TP,WTEMP,James_discharge,James_acc_flow_30d,James_acc_flow_60d,James_acc_flow_90d,Potomac_discharge,Potomac_acc_flow_30d,Potomac_acc_flow_60d,Potomac_acc_flow_90d,Susquehanna_discharge,Susquehanna_acc_flow_30d,Susquehanna_acc_flow_60d,Susquehanna_acc_flow_90d
CB8.1,1985-11-12,4.23,8.1,21.5,0.5623,0.056,16.2,12100,816210.0,872400.0,1134590.0,26300,930380.0,979723.0,1059703.0,24700,389756.0,841070.0,1066640.0
CB8.1,1985-12-09,4.97,11.8,22.81,0.5011,0.048,9.8,9320,382440.0,1153370.0,1212340.0,16000,768600.0,1605470.0,1656053.0,57800,2325670.0,2683946.0,3147120.0
CB8.1,1986-01-07,28.81,12.2,21.8,0.509,0.05,3.5,4030,165420.0,573540.0,1311590.0,5400,316600.0,1123600.0,1907560.0,21000,1014200.0,3304970.0,3658346.0
CB8.1,1986-02-21,6.95,13.4,20.05,0.4866,0.036,4.8,9590,225510.0,347200.0,683440.0,74600,503400.0,672800.0,1341100.0,89800,1538300.0,2149220.0,4138320.0
CB8.1,1986-03-10,10.43,12.1,19.7,0.5201,0.037,4.6,5910,266790.0,414020.0,569520.0,10900,746100.0,981300.0,1276600.0,31800,1909000.0,3056420.0,3997220.0
CB8.1,1986-03-25,10.22,12.2,18.38,0.7028,0.031,7.0,7490,329810.0,566640.0,687010.0,14800,871300.0,1475200.0,1641900.0,84600,3377900.0,5029000.0,5781620.0
CB8.1,1986-04-08,19.44,9.8,21.01,0.6023,0.049,12.4,4540,293020.0,565500.0,704880.0,8280,710840.0,1473040.0,1685940.0,34500,3075700.0,5022800.0,6117120.0
CB8.1,1986-04-28,6.48,9.7,20.5,0.6236,0.043,13.4,4120,144120.0,460480.0,714590.0,9930,358740.0,1146840.0,1849940.0,47300,1827900.0,4967700.0,6849000.0
CB8.1,1986-05-14,2.58,8.8,23.2,0.3901,0.035,15.4,3140,121040.0,401920.0,645410.0,4350,325480.0,976980.0,1717280.0,16100,1633900.0,4423000.0,6534400.0
CB8.1,1986-05-26,7.88,8.2,22.5,0.6303,0.039,19.6,6350,134300.0,282670.0,605740.0,10000,218820.0,579530.0,1404230.0,50600,881480.0,2731780.0,5958780.0
CB8.1,1986-06-10,8.98,8.3,22.5,0.4137499999999999,0.033,22.7,2310,137920.0,262540.0,551720.0,3340,178160.0,514770.0,1218360.0,60300,868880.0,2539780.0,5619080.0
CB8.1,1986-07-14,3.7,5.5,23.86,0.40375,0.016,28.5,640,35303.0,170423.0,290683.0,1760,62990.0,238660.0,560430.0,15600,674830.0,1625410.0,3247910.0
CB8.1,1986-08-25,23.9,8.3,25.0,0.395,0.038,25.2,2390,54670.0,85728.0,162362.0,1850,42942.0,100652.0,203912.0,25000,617710.0,1125140.0,2112940.0
CB8.1,1986-10-08,2.0,6.2,26.7,0.59,0.056,22.8,1010,43250.0,103254.0,138658.0,985,28061.0,71893.0,118583.0,31400,298810.0,724650.0,1378870.0
CB8.1,1986-10-28,10.5,9.7,23.8,0.366,0.017,17.6,1660,36111.0,88741.0,141981.0,1060,30423.0,59570.0,103652.0,15000,493330.0,709920.0,1305330.0
CB8.1,1986-11-18,1.9,8.4,25.5,0.545,0.055,13.0,2090,58820.0,95261.0,160921.0,2790,67498.0,96287.0,135274.0,35200,675798.0,1110458.0,1417938.0
CB8.1,1986-12-08,2.6,9.2,23.8,0.564,0.043,9.7,5230,117990.0,161117.0,202271.0,9040,186520.0,221543.0,249454.0,80600,2194460.0,2619938.0,2956888.0
CB8.1,1987-01-06,12.5,11.0,21.2,0.651,0.039,5.0,5220,284460.0,399540.0,441231.0,7420,349630.0,529490.0,563223.0,34100,1561700.0,3687960.0,4144238.0
CB8.1,1987-02-25,15.0,12.1,21.6,0.514,0.038,3.4,14800,294070.0,535630.0,791030.0,7680,377830.0,755850.0,1064470.0,20300,691640.0,1752640.0,3964440.0
CB8.1,1987-03-18,20.0,12.2,19.2,0.617,0.03,6.9,7710,487890.0,801410.0,1060990.0,10400,497110.0,976870.0,1305730.0,50400,1488760.0,2302620.0,3516220.0
CB8.1,1987-03-23,27.4,12.8,19.5,0.47375,0.024,6.4,5780,484600.0,779480.0,1071090.0,7940,498220.0,924640.0,1317090.0,35800,1563910.0,2265420.0,3470120.0
CB8.1,1987-04-06,28.2,11.4,20.8,0.4337499999999999,0.028,8.7,14300,309180.0,797700.0,1033670.0,83800,492960.0,1009470.0,1376280.0,207000,1981600.0,2898120.0,3735420.0
CB8.1,1987-05-06,32.5,10.2,16.0,0.46375,0.038,14.4,15800,1060260.0,1369440.0,1857960.0,32800,1258900.0,1751860.0,2268370.0,48100,2338300.0,4319900.0,5236420.0
CB8.1,1987-05-18,22.1,8.7,18.6,0.86375,0.031,17.9,5670,797710.0,1348900.0,1836840.0,8770,893420.0,1776950.0,2274170.0,23400,1178700.0,3780700.0,5289060.0
CB8.1,1987-06-01,14.4,10.1,18.8,0.4237499999999999,0.034,22.2,6250,260630.0,1331390.0,1684970.0,8250,445260.0,1824460.0,2248520.0,23200,827790.0,3491490.0,5284090.0
CB8.1,1987-06-15,9.6,6.7,22.9,0.54375,0.038,22.2,3770,174200.0,1189990.0,1526100.0,4290,277150.0,1315150.0,2056010.0,23200,599490.0,1888290.0,4433890.0
CB8.1,1987-07-06,5.6,7.4,25.3,0.47375,0.03,24.8,3450,93540.0,311560.0,1373420.0,4400,173050.0,545040.0,1772140.0,32800,474070.0,1183760.0,3337360.0
CB8.1,1987-07-20,5.5,6.5,24.1,0.48375,0.039,25.8,1360,72990.0,233350.0,793460.0,2590,159610.0,406800.0,1031800.0,22000,583000.0,1141320.0,2196420.0
CB8.1,1987-08-03,3.5,6.8,25.6,0.46,0.033,26.1,990,55432.0,158102.0,391402.0,1140,86740.0,271270.0,687160.0,7450,520190.0,973460.0,1750650.0
CB8.1,1987-08-17,12.7,6.8,25.3,0.54375,0.046,26.4,883,32453.0,107763.0,274603.0,1030,44282.0,204622.0,466662.0,17400,273430.0,846000.0,1442990.0
CB8.1,1987-09-03,10.2,7.5,26.2,0.522,0.036,24.8,476,27986.0,81677.0,179617.0,959,32440.0,114180.0,293230.0,12800,217960.0,728200.0,1182470.0
CB8.1,1987-09-14,6.2,7.2,23.5,0.585,0.05,25.5,20600,261005.0,296025.0,373175.0,11900,94810.0,145394.0,304764.0,56000,365260.0,644710.0,1230080.0
CB8.1,1987-10-05,3.8,7.6,25.3,0.46715,0.069,19.0,2760,367101.0,394244.0,443065.0,3320,224120.0,256234.0,331814.0,18900,982120.0,1196470.0,1662110.0
CB8.1,1987-10-21,6.5,9.7,23.2,0.6461,0.019,16.8,2100,108090.0,415175.0,445425.0,2080,117130.0,278208.0,314584.0,18400,703230.0,1389790.0,1615480.0
CB8.1,1987-12-14,4.1,10.1,23.2,0.44145,0.022,8.5,7250,211240.0,287080.0,423600.0,5440,300710.0,377660.0,539930.0,32100,1184800.0,1726600.0,2630650.0
CB8.1,1988-01-12,11.0,12.5,21.9,0.499,0.0252,2.1,4300,180190.0,389880.0,462590.0,4800,288060.0,587640.0,662550.0,17700,864510.0,2030910.0,2584610.0
CB8.1,1988-02-22,25.0,11.5,21.1,0.4931,0.0293,4.9,5100,231710.0,447710.0,680990.0,10700,415230.0,791210.0,1122540.0,45200,1587030.0,2330790.0,3572290.0
CB8.1,1988-03-22,17.8,11.1,21.1,0.4198,0.027,6.4,3900,135540.0,381850.0,582890.0,5640,266500.0,706730.0,1058210.0,39000,1355000.0,2934930.0,3690890.0
CB8.1,1988-04-11,10.9,9.0,22.4,0.42,0.0259,12.2,5920,159310.0,314920.0,584010.0,27800,303270.0,600540.0,1082990.0,50100,1580200.0,2773500.0,4191480.0
CB8.1,1988-04-25,5.9,8.8,22.8,0.307,0.0244,12.1,4330,170630.0,301460.0,508580.0,6220,359680.0,608900.0,989180.0,26300,1300090.0,2606890.0,4212920.0
CB8.1,1988-05-09,2.8,8.9,21.3,0.2185,0.028,15.1,9350,160870.0,317870.0,477950.0,64300,491480.0,749000.0,1052720.0,42400,955690.0,2545490.0,3748690.0
CB8.1,1988-05-24,4.4,7.8,14.1,0.2185,0.0227,21.3,9900,219960.0,390320.0,522190.0,59600,1005830.0,1366780.0,1617780.0,118000,1611700.0,2910890.0,4236390.0
CB8.1,1988-06-07,3.7,7.7,19.3,0.2895,0.03,20.0,4120,227610.0,385430.0,540800.0,8590,1102060.0,1573240.0,1798360.0,28300,1829000.0,2786890.0,4382090.0
CB8.1,1988-06-20,6.3,7.8,20.2,0.307,0.024,23.1,2270,157330.0,353810.0,522490.0,4200,598170.0,1417760.0,1773730.0,16400,1300170.0,2520360.0,3872060.0
CB8.1,1988-08-08,6.7,5.9,23.0,0.408,0.0365,27.4,1220,54020.0,116507.0,331907.0,1440,69860.0,177390.0,1188710.0,7230,332810.0,611740.0,2410040.0
CB8.1,1988-08-23,7.0,6.8,24.4,0.347,0.0438,25.3,704,47546.0,89673.0,210223.0,1390,49080.0,117960.0,462330.0,5470,303360.0,517430.0,1312610.0
CB8.1,1988-09-09,3.5,6.7,26.2,0.3335,0.0539,21.7,2530,38338.0,92508.0,150455.0,3450,59050.0,128750.0,224570.0,19600,354520.0,695630.0,959690.0
CB8.1,1988-09-19,4.5,7.0,23.3,0.437,0.0586,22.4,1020,42211.0,93474.0,136271.0,1450,66540.0,127220.0,190120.0,8400,395860.0,729690.0,929040.0
CB8.1,1988-10-03,7.2,7.4,25.0,0.285,0.026,22.0,1450,39883.0,75091.0,127748.0,1850,63200.0,111520.0,181420.0,4310,351900.0,629060.0,956610.0
CB8.1,1988-10-24,3.0,8.1,25.8,0.337,0.045,14.9,1520,37022.0,80892.0,121061.0,1760,45570.0,114260.0,160710.0,4440,208400.0,627120.0,909520.0
CB8.1,1988-11-07,3.4,8.3,27.5,0.2885,0.03,13.3,1660,39127.0,77090.0,113998.0,2080,42340.0,98860.0,155710.0,9040,268090.0,554400.0,894980.0
CB8.1,1988-12-05,2.1,8.7,26.3,0.3395,0.038,9.6,2700,92930.0,131257.0,170490.0,2640,123610.0,165400.0,226050.0,25700,921560.0,1185600.0,1511200.0
CB8.1,1989-01-16,1.8,10.8,22.8,0.3215,0.01225,5.9,4680,94920.0,187120.0,239135.0,16300,148630.0,265330.0,322100.0,41200,586750.0,1384750.0,1876610.0
CB8.1,1989-02-13,2.3,11.0,22.5,0.2274999999999999,0.019,5.0,2770,128270.0,218250.0,309950.0,3470,218370.0,337330.0,456450.0,20400,679050.0,1213670.0,2066000.0
CB8.1,1989-03-13,3.2,11.8,19.9,0.42,0.026,4.2,8940,261670.0,392840.0,478290.0,22100,356110.0,591300.0,689610.0,31900,866940.0,1574750.0,2065170.0
CB8.1,1989-04-03,5.8,9.6,22.6,0.413,0.019,10.3,5750,339390.0,495770.0,626870.0,21400,652510.0,865840.0,1098960.0,179000,1688300.0,2510700.0,3211620.0
CB8.1,1989-04-17,12.0,10.5,20.1,0.423,0.024,11.8,6020,267740.0,548190.0,669650.0,7490,527760.0,964180.0,1146560.0,41600,2391900.0,3325900.0,3959750.0
CB8.1,1989-05-03,2.8,8.0,21.4,0.3315,0.018,16.3,64700,332440.0,671830.0,828210.0,29800,303700.0,956210.0,1169540.0,26300,1513700.0,3202000.0,4024400.0
CB8.1,1989-05-18,1.0,8.4,18.8,0.53,0.021,16.7,12000,774450.0,1041940.0,1324720.0,92000,1023140.0,1543000.0,1989010.0,232000,2614800.0,5031000.0,5959700.0
CB8.1,1989-06-12,5.1,7.7,21.3,0.334,0.02,22.8,10900,254440.0,979940.0,1249040.0,10700,730580.0,1486550.0,2059480.0,39100,2435100.0,4277500.0,6644800.0
CB8.1,1989-06-27,5.5,6.4,19.4,0.387,0.029,25.7,7000,228020.0,1011280.0,1215230.0,15900,396890.0,1625910.0,1971690.0,107000,2024300.0,5257700.0,7352900.0
CB8.1,1989-07-11,11.3,6.6,19.6,0.311,0.039,26.4,7730,236280.0,507320.0,1211210.0,8880,396260.0,1172940.0,1880900.0,47700,2222100.0,4829100.0,6517500.0
CB8.1,1989-07-24,10.6,5.8,19.3,0.598,0.06,26.3,5770,253280.0,473730.0,1271740.0,21100,383450.0,772640.0,1963800.0,48400,1705200.0,3530500.0,6682200.0
CB8.1,1989-08-15,19.1,7.6,16.6,0.482,0.045,24.8,3310,196730.0,422610.0,640920.0,3580,317590.0,704350.0,1259030.0,16000,876920.0,3096720.0,4958520.0
CB8.1,1989-09-11,13.6,8.2,20.2,0.437,0.045,24.7,2580,128820.0,335270.0,564000.0,2470,167000.0,499620.0,889080.0,14700,321100.0,1276290.0,3495490.0
CB8.1,1989-10-10,6.0,8.2,20.5,0.407,0.048,17.4,8490,452060.0,581370.0,790380.0,5770,189810.0,357820.0,693960.0,7630,338560.0,655860.0,1639350.0
CB8.1,1989-11-13,4.9,7.9,21.1,0.437,0.043,15.6,4970,287450.0,752460.0,882100.0,5200,245450.0,443210.0,607860.0,30800,985030.0,1325620.0,1623480.0
CB8.1,1989-12-14,9.3,11.1,20.5,0.442,0.031,4.5,5270,246990.0,534030.0,999100.0,4470,239560.0,486220.0,685390.0,21500,986450.0,1996030.0,2336180.0
CB8.1,1990-01-09,11.4,12.4,22.1,0.418,0.031,2.4,15700,305000.0,553130.0,843030.0,15400,181990.0,424700.0,667920.0,24300,408120.0,1413070.0,2356020.0
CB8.1,1990-02-06,14.0,10.1,24.0,0.309,0.028,6.9,20400,353770.0,638460.0,890160.0,21400,482460.0,641240.0,883120.0,142000,1797100.0,2169570.0,3215170.0
CB8.1,1990-03-05,15.1,10.6,18.0,0.402,0.035,6.9,8900,388720.0,746390.0,992500.0,7760,431090.0,900950.0,1024360.0,41800,2417700.0,3898530.0,4295570.0
CB8.1,1990-04-09,27.3,11.1,18.9,0.438,0.028,10.6,15200,330600.0,668910.0,1029680.0,15300,297730.0,659380.0,1149840.0,81900,1388500.0,3365200.0,5350700.0
CB8.1,1990-04-16,6.2,10.3,19.9,0.395,0.02,12.7,15200,377430.0,639510.0,1029860.0,13900,360240.0,633180.0,1165040.0,84600,1738900.0,3314100.0,5744900.0
CB8.1,1990-05-16,1.8,7.2,22.0,0.297,0.022,18.3,7600,238990.0,616420.0,878500.0,11100,291540.0,651780.0,924720.0,58800,1255400.0,2994300.0,4569500.0
CB8.1,1990-05-31,3.8,8.1,21.5,0.353,0.029,19.5,40600,372210.0,694630.0,969500.0,58900,395030.0,760550.0,983180.0,77200,1752400.0,3414600.0,4535200.0
CB8.1,1990-06-26,3.4,6.8,20.5,0.354,0.029,24.1,3450,340960.0,594490.0,939710.0,3170,420790.0,697350.0,1070400.0,16700,1054400.0,2682100.0,4373700.0
CB8.1,1990-07-17,6.9,7.6,23.9,0.299,0.032,24.8,6730,100280.0,496450.0,726330.0,15500,141000.0,589560.0,877180.0,64600,723540.0,2235840.0,3535140.0
CB8.1,1990-07-30,12.8,6.9,22.2,0.416,0.052,26.7,2250,98300.0,309570.0,681780.0,3050,184480.0,470440.0,865470.0,24100,849210.0,1728740.0,3481140.0
CB8.1,1990-08-14,17.8,6.2,22.8,0.368,0.05,26.3,2000,90830.0,186470.0,587940.0,2240,172570.0,291840.0,750410.0,20500,840140.0,1460980.0,3112080.0
CB8.1,1990-08-28,9.0,6.9,20.2,0.409,0.042,26.6,3460,74040.0,172830.0,421960.0,8370,119510.0,303460.0,645800.0,36200,652220.0,1483660.0,2434060.0
CB8.1,1990-09-11,2.1,6.0,21.3,0.458,0.03125,25.4,1310,71740.0,165260.0,263720.0,1720,118830.0,305110.0,417910.0,15300,642280.0,1529620.0,2111560.0
CB8.1,1990-09-24,7.5,7.1,22.5,0.3615,0.031,21.3,1450,61610.0,129660.0,230680.0,2620,116020.0,217270.0,398460.0,25800,614290.0,1211610.0,2041550.0
CB8.1,1990-10-15,5.4,6.8,23.7,0.4485,0.03725,22.8,17800,95880.0,165550.0,247350.0,43200,157670.0,275820.0,421110.0,143000,793350.0,1408040.0,2148780.0
CB8.1,1990-11-16,7.3,8.9,23.1,0.392,0.026,12.4,4940,331540.0,441210.0,511430.0,7600,536520.0,727400.0,850670.0,80400,2467400.0,3438970.0,4056810.0
CB8.1,1990-12-10,4.5,9.3,22.8,0.497,0.034,9.3,5720,164210.0,531600.0,574570.0,10600,248150.0,856430.0,930470.0,76900,1897200.0,4381100.0,4884060.0
CB8.1,1991-01-14,19.0,10.8,18.0,0.492,0.03,6.4,51500,487430.0,637570.0,971670.0,43700,797710.0,1030960.0,1576980.0,43100,2675000.0,4369100.0,6843200.0
CB8.1,1991-02-11,9.2,11.1,19.5,0.374,0.016,6.9,6040,431780.0,812610.0,965840.0,15800,846600.0,1579080.0,1815060.0,97200,1653400.0,4336400.0,6149500.0
CB8.1,1991-04-08,4.7,10.2,13.3,0.357,0.027,15.2,10400,491940.0,808730.0,1288040.0,13700,737000.0,1208850.0,2089650.0,47100,1837700.0,3952100.0,5508100.0
CB8.1,1991-04-23,3.6,9.3,19.0,0.556,0.014,13.1,9840,457780.0,865060.0,1059520.0,16400,708200.0,1264350.0,1691150.0,60800,1554400.0,3673900.0,5157300.0
CB8.1,1991-05-07,4.0,9.0,17.5,0.495,0.015,18.0,5240,249090.0,747230.0,1052630.0,7430,413670.0,1163570.0,1619920.0,49900,1610300.0,3514900.0,5563200.0
CB8.1,1991-05-21,7.6,8.2,20.1,0.346,0.018,19.2,5450,179640.0,641380.0,1040940.0,4830,268650.0,1026150.0,1523500.0,28100,1519300.0,3059500.0,5190200.0
CB8.1,1991-06-04,3.2,7.4,19.1,0.392,0.021,25.4,3530,140780.0,402970.0,924810.0,4040,160570.0,589020.0,1382720.0,14200,798760.0,2381760.0,4542660.0
CB8.1,1991-07-11,6.6,5.6,22.8,0.399,0.051,26.6,3050,124010.0,250710.0,478320.0,3180,70090.0,198260.0,587980.0,6340,209330.0,771230.0,2389430.0
CB8.1,1991-07-23,8.6,6.8,23.0,0.379,0.044,27.4,1870,121970.0,225450.0,393050.0,1150,66240.0,152500.0,386930.0,6650,192490.0,517420.0,1912220.0
CB8.1,1991-08-06,6.4,7.1,22.1,0.48,0.033,27.0,3130,140510.0,259680.0,394660.0,2100,67660.0,132100.0,278810.0,4050,175640.0,395290.0,1086010.0
CB8.1,1991-09-04,5.6,9.4,23.0,0.382,0.041,25.8,1470,95830.0,239110.0,355810.0,785,43333.0,111483.0,176323.0,4610,179640.0,357240.0,581880.0
CB8.1,1991-09-16,4.2,6.5,24.0,0.309,0.049,25.1,1280,53640.0,207910.0,342000.0,527,36398.0,89938.0,161688.0,4660,172520.0,331300.0,537600.0
CB8.1,1991-10-21,4.2,8.3,24.0,0.362,0.048,17.3,1460,43209.0,91439.0,249339.0,1240,40722.0,78039.0,133019.0,8460,195020.0,356230.0,520520.0
CB8.1,1992-01-21,12.0,10.8,24.0,0.396,0.028,4.8,3370,204150.0,333590.0,382720.0,3460,194470.0,332890.0,361318.0,25200,743620.0,1599600.0,1780790.0
CB8.1,1992-02-13,3.9,11.0,25.0,0.284,0.01475,4.2,2720,104780.0,301970.0,423400.0,2720,111750.0,296510.0,420138.0,11900,682090.0,1407490.0,2133610.0
CB8.1,1992-03-10,2.2,10.5,22.5,0.355,0.01175,9.9,14000,307840.0,423240.0,613800.0,20600,321210.0,449400.0,627970.0,54000,875850.0,1596740.0,2325840.0
CB8.1,1992-04-15,3.5,9.1,22.7,0.348,0.033,11.9,4400,220660.0,596630.0,698170.0,6190,431800.0,871150.0,977670.0,56600,2054100.0,3333340.0,3975740.0
CB8.1,1992-04-27,6.9,8.4,20.3,0.356,0.034,16.4,17900,426930.0,815270.0,970370.0,27900,565250.0,1141700.0,1281380.0,79900,2274100.0,3868800.0,4515740.0
CB8.1,1992-05-11,3.0,8.9,19.8,0.36,0.024,14.9,10300,449880.0,710000.0,1039840.0,27700,567830.0,1066670.0,1424740.0,54200,1766400.0,3951100.0,4943950.0
CB8.1,1992-05-27,13.3,9.9,22.6,0.342,0.015,16.5,5620,259930.0,686860.0,1075200.0,8160,425700.0,990950.0,1567400.0,21700,1189500.0,3463600.0,5058300.0
CB8.1,1992-06-23,3.8,9.1,19.8,0.324,0.025,22.5,6380,301190.0,630980.0,998970.0,5750,293840.0,804820.0,1334370.0,17300,813860.0,2182460.0,4461560.0
CB8.1,1992-07-06,4.5,6.3,22.7,0.46,0.047,23.8,4960,252780.0,518890.0,956870.0,7690,251000.0,628410.0,1165430.0,10400,548940.0,1533740.0,3317640.0
CB8.1,1992-07-20,9.3,6.8,24.8,0.382,0.036,25.0,2140,117410.0,426010.0,935200.0,2370,128380.0,437630.0,1126350.0,42600,437010.0,1271810.0,2857210.0
CB8.1,1992-08-10,1.7,7.8,23.4,0.326,0.02,25.7,1650,71170.0,232620.0,567660.0,2850,175020.0,340740.0,737420.0,27100,884110.0,1288410.0,2249210.0
CB8.1,1992-08-24,16.6,9.1,21.1,0.491,0.042,24.5,1540,67580.0,167210.0,465600.0,2100,173250.0,291640.0,579040.0,21800,781200.0,1320940.0,2119210.0
CB8.1,1992-09-08,10.3,11.0,22.8,0.391,0.04,26.6,3430,57800.0,130470.0,301070.0,8030,83250.0,258700.0,434240.0,19200,570800.0,1433970.0,1863210.0
CB8.1,1992-09-21,4.4,6.1,24.2,0.403,0.043,23.7,1520,61080.0,130210.0,235320.0,2310,102900.0,282240.0,400410.0,20800,546390.0,1346170.0,1859720.0
CB8.1,1992-10-08,9.3,8.4,24.0,0.377,0.034,17.8,2380,76560.0,134360.0,207030.0,2060,115820.0,199070.0,374520.0,14700,637450.0,1208250.0,2071420.0
CB8.1,1992-11-17,1.5,8.6,22.9,0.305,0.035,11.6,6550,116450.0,193010.0,255320.0,6860,108650.0,204120.0,307700.0,73200,1003600.0,1640840.0,2203350.0
CB8.1,1992-12-15,3.6,11.0,20.8,0.354,0.03,7.0,7470,280030.0,385500.0,461630.0,23200,433230.0,533230.0,630580.0,39800,1604200.0,2509900.0,3166440.0
CB8.1,1993-01-07,8.5,9.4,20.5,0.304,0.028,7.4,14200,301710.0,546530.0,622190.0,17000,766540.0,1010550.0,1105600.0,96800,1846100.0,3472900.0,4236800.0
CB8.1,1993-03-10,16.4,12.3,17.0,0.489,0.032,7.0,19500,601050.0,905860.0,1228200.0,46400,777540.0,1187050.0,1976950.0,63400,791650.0,2130350.0,4118050.0
CB8.1,1993-04-14,26.4,11.2,13.9,0.657,0.027,10.8,15600,846800.0,1497450.0,1730260.0,40200,1992300.0,2908290.0,3268050.0,239000,6014700.0,6926550.0,8062550.0
CB8.1,1993-04-29,5.8,10.5,16.5,0.616,0.03,12.7,10600,633900.0,1614430.0,1882280.0,38400,1796100.0,3649470.0,3911750.0,226000,7693000.0,9906100.0,10526750.0
CB8.1,1993-05-10,22.6,9.7,15.2,0.556,0.042,17.7,7120,475080.0,1296680.0,1910240.0,13700,1293500.0,3226500.0,4040460.0,60900,5354800.0,10439900.0,11270750.0
CB8.1,1993-05-27,5.5,9.8,16.4,0.651,0.024,18.5,5560,249540.0,951240.0,1865970.0,7000,482110.0,2395810.0,4066780.0,21500,2031400.0,9820400.0,11482770.0
CB8.1,1993-06-15,8.5,10.0,12.0,0.497,0.031,23.2,3820,183870.0,592750.0,1446750.0,4990,219790.0,1327790.0,3336590.0,17900,575300.0,4741700.0,11015100.0
CB8.1,1993-06-29,5.5,7.8,21.1,0.43,0.033,23.9,2320,123440.0,356130.0,965730.0,2790,152110.0,535090.0,2270590.0,13900,433100.0,1861600.0,9364600.0
CB8.1,1993-07-12,5.8,6.5,20.7,0.497,0.039,27.3,2180,88430.0,287870.0,715210.0,2330,113810.0,350820.0,1534920.0,7990,380520.0,993670.0,5648770.0
CB8.1,1993-07-27,8.3,7.1,22.9,0.492,0.033,24.9,1410,67850.0,196450.0,440090.0,1460,75720.0,234050.0,674630.0,6270,273530.0,708630.0,2509030.0
CB8.1,1993-08-09,6.8,9.8,23.3,0.43,0.021,24.6,3570,56440.0,148970.0,353640.0,2520,59320.0,184660.0,429470.0,6650,191130.0,591590.0,1269640.0
CB8.1,1993-08-23,11.4,6.6,23.6,0.453,0.046,25.4,1230,53890.0,125070.0,262650.0,1370,61060.0,141580.0,311540.0,5490,202490.0,484510.0,948040.0
CB8.1,1993-09-14,11.9,8.7,25.1,0.398,0.039,24.5,1280,38187.0,95377.0,176587.0,1810,50673.0,111073.0,211823.0,13300,256970.0,444790.0,783480.0
CB8.1,1993-09-29,5.1,6.8,24.8,0.447,0.049,22.9,1910,40102.0,89517.0,155387.0,3810,64503.0,122503.0,193543.0,15900,278930.0,488230.0,737010.0
CB8.1,1993-10-13,3.3,7.3,25.6,0.4,0.041,18.1,1470,42350.0,80987.0,138247.0,1380,73490.0,124703.0,184793.0,13100,354170.0,604160.0,791850.0
CB8.1,1993-11-16,5.2,9.0,24.4,0.456,0.042,13.8,1580,51520.0,95830.0,132317.0,2200,78790.0,153540.0,204143.0,19100,576590.0,920370.0,1184950.0
CB8.1,1993-12-06,4.2,8.9,27.7,0.347,0.034,11.7,43600,233230.0,280360.0,324080.0,76900,484170.0,554250.0,632540.0,139000,1929600.0,2348080.0,2708270.0
CB8.1,1994-01-06,11.7,11.4,21.8,0.433,0.01575,4.6,9000,183410.0,455040.0,503010.0,6090,383270.0,951190.0,1022690.0,19000,1379770.0,3417070.0,3837350.0
CB8.1,1994-02-07,9.0,13.0,20.6,0.419,0.021,2.5,7970,391810.0,554410.0,856470.0,14100,588910.0,906810.0,1548870.0,42000,787310.0,1984800.0,4169600.0
CB8.1,1994-03-07,10.1,11.9,14.9,0.517,0.022,6.9,30000,725560.0,1114130.0,1297540.0,58800,1226800.0,1801640.0,2184910.0,50500,1615800.0,2360030.0,3739800.0
CB8.1,1994-04-05,22.4,11.4,13.6,0.547,0.025,11.0,16300,784840.0,1489970.0,1877970.0,33300,2141300.0,3326000.0,3890230.0,249000,5254900.0,6854500.0,7583430.0
CB8.1,1994-04-18,11.7,9.9,14.8,0.598,0.023,14.3,11100,635560.0,1437060.0,1881890.0,32600,1498600.0,3411100.0,4143350.0,157000,6401900.0,8989900.0,9906590.0
CB8.1,1994-05-09,6.3,9.4,13.6,0.741,0.01575,17.8,10300,276560.0,997900.0,1783530.0,52900,670700.0,2589300.0,4046300.0,51100,3028400.0,8916300.0,10626500.0
CB8.1,1994-05-24,4.1,9.1,14.0,0.752,0.019,17.5,4380,248290.0,874720.0,1607360.0,7620,583380.0,1910480.0,3816680.0,29800,1308200.0,7335400.0,10635400.0
CB8.1,1994-06-30,7.3,7.9,22.4,0.415,0.036,24.7,3020,78800.0,300670.0,641420.0,3250,111560.0,659280.0,1425880.0,37900,777020.0,1900420.0,6169020.0
CB8.1,1994-07-12,7.9,6.1,20.2,0.515,0.036,26.3,1580,68450.0,192910.0,479560.0,2480,95220.0,328670.0,1090670.0,32100,923210.0,1625120.0,4160120.0
CB8.1,1994-07-25,7.4,7.4,24.1,0.43,0.046,24.8,3900,64230.0,146200.0,389270.0,5340,85900.0,215550.0,787270.0,25400,745310.0,1490920.0,2720420.0
CB8.1,1994-08-19,18.6,7.6,24.6,0.411,0.047,24.2,34100,166000.0,227020.0,319100.0,31800,171710.0,258660.0,410050.0,92000,692390.0,1444900.0,2214210.0
CB8.1,1994-08-29,3.9,7.8,21.7,0.356,0.026,25.6,3370,187130.0,277930.0,356730.0,5910,268430.0,371790.0,483350.0,42900,1431190.0,2167390.0,2944410.0
CB8.1,1994-09-12,5.2,7.4,21.2,0.389,0.029,22.7,1540,165620.0,283190.0,347990.0,2490,256910.0,384220.0,477270.0,12100,1543730.0,2113520.0,3035030.0
CB8.1,1994-09-26,5.3,7.2,22.4,0.375,0.038,22.3,2060,62800.0,269880.0,339900.0,4460,101730.0,367520.0,467070.0,20700,629380.0,2023270.0,2783670.0
CB8.1,1994-10-18,8.3,8.0,23.0,0.423,0.044,16.5,1790,60870.0,176090.0,342090.0,1840,80470.0,291490.0,463200.0,13200,603960.0,1993540.0,2685930.0
CB8.1,1994-11-14,4.3,9.0,23.2,0.319,0.023,14.1,1780,51470.0,110490.0,274680.0,2270,65490.0,147410.0,400970.0,23000,456760.0,1063190.0,2614720.0
CB8.1,1994-12-20,3.2,9.9,22.7,0.375,0.021,8.8,3010,89360.0,140630.0,201960.0,7040,257710.0,330010.0,409210.0,40800,1734000.0,2233380.0,2831340.0
CB8.1,1995-01-09,9.6,11.0,23.2,0.424,0.027,6.5,7460,89600.0,163840.0,213890.0,10500,224270.0,409240.0,474390.0,26800,1194300.0,2513700.0,2951540.0
CB8.1,1995-02-14,5.5,11.5,23.0,0.415,0.034,3.0,4220,386990.0,492600.0,575920.0,6210,646620.0,868690.0,1109710.0,22500,1877300.0,2778400.0,4426700.0
CB8.1,1995-03-06,3.1,11.2,22.6,0.309,0.014,6.0,7080,198020.0,585350.0,671150.0,9470,240080.0,921080.0,1161550.0,38300,760700.0,2689000.0,4169200.0
CB8.1,1995-04-11,2.2,9.6,25.5,0.366,0.01775,11.4,3200,157660.0,396340.0,786070.0,4470,252470.0,525680.0,1187090.0,27000,1169800.0,2171900.0,4065000.0
CB8.1,1995-04-25,3.8,8.6,22.7,0.356,0.018,15.0,3350,109010.0,348500.0,543730.0,5370,178400.0,513480.0,781250.0,31600,1057300.0,2468700.0,3436500.0
CB8.1,1995-05-09,2.1,9.0,22.2,0.317,0.022,16.1,6230,129310.0,306700.0,528820.0,8930,204530.0,473980.0,733990.0,26700,1015900.0,2267800.0,3151500.0
CB8.1,1995-05-23,4.8,8.1,23.2,0.493,0.141,19.9,5450,183400.0,296020.0,541510.0,13800,323510.0,505890.0,844950.0,35600,706700.0,1756000.0,3169300.0
CB8.1,1995-06-08,4.1,7.4,22.6,0.346,0.037,22.6,6790,188810.0,318120.0,495510.0,5700,330530.0,535060.0,804510.0,18500,695300.0,1711200.0,2963100.0
CB8.1,1995-06-19,4.9,7.9,22.3,0.449,0.038,23.8,5280,198820.0,373350.0,492520.0,3850,227390.0,518490.0,709650.0,20100,697200.0,1403700.0,2489000.0
CB8.1,1995-07-10,11.0,6.4,21.4,0.501,0.052,26.2,8930,612350.0,799270.0,934190.0,10700,421700.0,744880.0,957170.0,18000,626840.0,1321040.0,2297340.0
CB8.1,1995-07-25,8.2,6.4,22.4,0.744,0.035,29.0,3700,532500.0,795350.0,983480.0,3490,449240.0,614710.0,952800.0,13500,539690.0,1139130.0,1829630.0
CB8.1,1995-08-14,9.0,7.1,24.9,0.395,0.036,26.7,2220,104620.0,718020.0,916720.0,4490,157700.0,595860.0,895470.0,14300,283580.0,868020.0,1592820.0
CB8.1,1995-08-22,8.0,7.1,23.1,0.448,0.035,26.4,1750,84630.0,689440.0,882490.0,2000,139450.0,588480.0,766110.0,5450,241050.0,776880.0,1411980.0
CB8.1,1995-09-05,2.4,7.0,25.0,0.299,0.03,24.9,1760,58090.0,232200.0,826800.0,988,111918.0,283218.0,677848.0,2990,154020.0,512770.0,1132410.0
CB8.1,1995-09-21,7.0,7.2,25.6,0.281,0.032,23.4,1840,46040.0,130670.0,735480.0,1490,36861.0,176311.0,625341.0,3450,99300.0,340350.0,876180.0
CB8.1,1995-10-18,5.7,7.4,25.8,0.386,0.044,19.3,2640,76940.0,122250.0,213410.0,2210,60350.0,99861.0,247951.0,10400,188380.0,293290.0,549150.0
CB8.1,1995-12-12,4.9,10.8,25.0,0.285,0.025,5.6,5310,201430.0,359470.0,426990.0,6030,382190.0,596770.0,651740.0,24300,1590600.0,2490140.0,2652850.0
CB8.1,1996-01-30,11.0,13.5,13.3,0.675,0.034,4.1,32000,706980.0,902780.0,1084780.0,66200,1592250.0,1937400.0,2264450.0,206000,3637770.0,4528870.0,5855230.0
CB8.1,1996-02-15,9.3,14.3,18.3,0.577,0.029,2.6,15100,862680.0,1073220.0,1230420.0,22600,1740000.0,2202470.0,2509300.0,45100,4366900.0,4916370.0,6195270.0
CB8.1,1996-03-25,10.8,12.9,17.5,0.37,0.018,7.8,12600,324050.0,853880.0,1420990.0,29800,907200.0,1856900.0,3118670.0,97000,2541900.0,5127900.0,7716970.0
CB8.1,1996-04-08,15.5,11.6,18.2,0.514,0.01575,8.8,10700,426050.0,790530.0,1564060.0,24000,1029700.0,1749300.0,3402250.0,58500,2043400.0,4222100.0,8387890.0
CB8.1,1996-05-15,31.0,9.6,18.5,0.47,0.053,16.1,6660,222340.0,647250.0,937060.0,26100,661000.0,1654400.0,2366600.0,162000,2856300.0,4968200.0,7157600.0
CB8.1,1996-06-12,8.0,8.7,17.6,0.49,0.032,23.3,24200,301900.0,524330.0,950020.0,24900,701470.0,1334170.0,2333070.0,28500,1517000.0,4126300.0,6215500.0
CB8.1,1996-07-11,16.0,7.8,21.2,0.504,0.068,24.9,3110,218220.0,504100.0,726100.0,6800,589710.0,1305780.0,1915080.0,19400,838700.0,2486200.0,4977400.0
CB8.1,1996-07-22,9.3,9.8,20.4,0.485,0.031,25.8,2540,112370.0,390360.0,673560.0,21100,369310.0,1101780.0,1877580.0,45600,804300.0,1682100.0,4250500.0
CB8.1,1996-08-07,8.0,7.8,19.7,0.449,0.029,26.6,2420,81230.0,316190.0,602990.0,14700,480500.0,1090830.0,1909330.0,20100,780100.0,1614300.0,3420300.0
CB8.1,1996-08-28,7.8,6.2,20.2,0.504,0.072,26.2,2450,105830.0,193040.0,459410.0,8570,675770.0,1000800.0,1734970.0,12700,532170.0,1308070.0,2169670.0
CB8.1,1996-09-12,13.8,7.3,17.3,0.448,0.054,25.8,15300,486840.0,566450.0,733130.0,40500,1212110.0,1734450.0,2253270.0,25100,552090.0,1309390.0,2121390.0
CB8.1,1996-10-13,10.8,9.4,18.8,0.562,0.052,18.3,7960,211690.0,706370.0,788470.0,13200,614750.0,1805160.0,2378970.0,9690,1155710.0,1727800.0,2487700.0
CB8.1,1996-11-19,5.2,11.3,18.6,0.331,0.024,10.3,6000,200980.0,390380.0,912140.0,14500,672510.0,1148930.0,2406040.0,49700,2667400.0,3593200.0,4526170.0
CB8.1,1996-12-13,8.9,10.8,18.0,0.413,0.031,7.9,13100,535130.0,729210.0,935650.0,42000,932500.0,1627080.0,2209730.0,87600,2648900.0,5059090.0,6182200.0
CB8.1,1997-01-20,8.4,11.5,26.0,0.367,0.032,5.3,6200,251540.0,862740.0,1062500.0,6820,402920.0,1571020.0,2193930.0,23700,1309300.0,4637300.0,7032100.0
CB8.1,1997-02-10,18.7,11.5,15.7,0.54,0.046,5.3,13000,351660.0,681530.0,1216760.0,19400,418100.0,1159800.0,2079800.0,47800,940800.0,3368300.0,6088600.0
CB8.1,1997-03-07,16.9,11.7,16.7,0.479,0.022,8.4,29100,446400.0,774490.0,1170930.0,58000,740400.0,1107300.0,1968600.0,100000,1815500.0,2721400.0,5378200.0
CB8.1,1997-04-05,23.5,13.8,16.1,0.484,0.018,11.5,7700,405020.0,833520.0,1158120.0,13700,808500.0,1506300.0,1870700.0,68800,2151100.0,3903200.0,4817000.0
CB8.1,1997-05-15,5.9,9.7,19.23,0.403,0.019,17.1,5210,226430.0,546760.0,1011660.0,6410,243100.0,831000.0,1672300.0,29000,841700.0,2578600.0,4775700.0
CB8.1,1997-06-12,7.8,11.1,17.54,0.41,0.0197,19.5,5720,224990.0,458630.0,783590.0,9200,329970.0,581330.0,1205730.0,27700,1027300.0,1888500.0,3701300.0
CB8.1,1997-07-16,9.6,8.8,21.95,0.418,0.0372,26.8,1620,79380.0,302830.0,524090.0,1760,117640.0,452110.0,686170.0,10400,371460.0,1378860.0,2189860.0
CB8.1,1997-08-01,6.2,8.3,21.04,0.342,0.0277,26.0,2380,106500.0,310730.0,468670.0,2310,74760.0,388880.0,585060.0,6430,259790.0,964680.0,1903880.0
CB8.1,1997-08-13,10.2,8.9,22.91,0.406,0.0338,26.4,1540,103140.0,188590.0,413360.0,1340,61350.0,189120.0,521920.0,4490,223690.0,604550.0,1618850.0
CB8.1,1997-08-27,6.2,7.9,23.2,0.378,0.0371,25.1,1470,57120.0,161790.0,371880.0,2200,62130.0,137500.0,467460.0,14100,238540.0,524370.0,1291090.0
CB8.1,1997-09-10,6.1,7.8,24.47,0.377,0.0411,23.7,1300,44450.0,147910.0,240140.0,1780,53420.0,116360.0,255530.0,6760,259500.0,483570.0,894040.0
CB8.1,1997-10-24,1.4,8.1,24.02,0.452,0.0322,16.1,1560,46370.0,100140.0,168520.0,1330,53160.0,119280.0,184820.0,5420,222130.0,485800.0,721870.0
CB8.1,1997-11-19,8.1,11.0,22.9,0.309,0.0211,10.5,3540,148600.0,193410.0,249800.0,11400,440820.0,494720.0,564120.0,31300,931940.0,1154990.0,1439610.0
CB8.1,1997-12-11,4.3,9.9,24.44,0.302,0.0239,8.9,3230,121570.0,243090.0,292780.0,5860,310950.0,635330.0,702420.0,34200,1239500.0,1785050.0,2037200.0
CB8.1,1998-01-14,3.471,10.6,22.38,0.249,0.0206,7.36,12100,300470.0,412310.0,552510.0,28900,621130.0,882500.0,1275970.0,137000,2137940.0,3201740.0,3996330.0
CB8.1,1998-02-11,6.49344,12.2,12.47,0.639,0.0325,6.35,22100,915900.0,1195700.0,1311170.0,38400,1347200.0,1915400.0,2194300.0,39700,2022100.0,3904540.0,5035740.0
CB8.1,1998-03-25,16.376,11.9,13.26,0.48,0.0258,8.59,29800,793400.0,1950100.0,2383240.0,54200,1659800.0,3395900.0,4223920.0,100000,3292500.0,5276000.0,7976600.0
CB8.1,1998-04-08,4.6102,9.3,15.34,0.421,0.023,12.51,16000,762700.0,1577600.0,2534200.0,20100,1300800.0,2928000.0,4423000.0,50100,2451800.0,5400500.0,8289300.0
CB8.1,1998-05-20,6.2656,10.0,13.47,0.432,0.02,19.45,9500,569000.0,1253800.0,1969400.0,18600,1036700.0,2110100.0,3659400.0,47800,2763400.0,4973500.0,8392000.0
CB8.1,1998-06-03,10.1104,5.9,15.37,0.458,0.019,22.25,6210,414920.0,981520.0,1728020.0,7500,750830.0,1583730.0,2928730.0,20700,1963300.0,4269600.0,6884100.0
CB8.1,1998-07-09,7.3692,7.6,17.84,0.443,0.0346,25.21,3420,151470.0,448300.0,1059200.0,5200,261480.0,782930.0,1756230.0,33700,856900.0,2475800.0,4914900.0
CB8.1,1998-07-22,7.9299,7.1,19.48,0.41,0.0345,26.2,2250,113830.0,308310.0,788020.0,3160,188810.0,454220.0,1342220.0,12700,770100.0,1524700.0,4010400.0
CB8.1,1998-08-10,9.5942,7.8,20.01,0.427,0.0442,26.75,2060,67420.0,216140.0,475890.0,1960,87290.0,350560.0,787380.0,6710,416080.0,1290380.0,2693480.0
CB8.1,1998-08-20,10.68,6.7,20.82,0.457,0.0459,26.36,3080,65170.0,182300.0,378810.0,3410,79370.0,275920.0,542930.0,7560,277100.0,1070200.0,1819300.0
CB8.1,1998-09-03,5.2332,6.71,21.77,0.427,0.0337,26.66,1310,61540.0,140600.0,297610.0,1380,71500.0,180040.0,444240.0,5270,234290.0,777380.0,1597080.0
CB8.1,1998-10-14,6.764,8.74,24.39,0.399,0.029,20.93,1690,36557.0,87549.0,153069.0,2020,49580.0,108680.0,188720.0,11100,205050.0,413670.0,723690.0
CB8.1,1998-11-19,6.1677,9.85,24.3,0.355,0.0185,13.79,1370,38570.0,75923.0,117689.0,1230,41090.0,91590.0,140630.0,4110,200500.0,436060.0,619770.0
CB8.1,1998-12-22,3.2485,9.86,23.88,0.303,0.025,10.84,1800,55580.0,94870.0,132103.0,1240,39980.0,80920.0,131460.0,19200,179920.0,361970.0,609230.0
CB8.1,1999-01-13,4.33875,12.12,24.53,0.248,0.0244,4.78,2910,79030.0,126750.0,164250.0,2790,51327.0,90477.0,132977.0,14300,235460.0,413160.0,623560.0
CB8.1,1999-02-09,2.33625,11.66,21.38,0.284,0.0172,7.65,5060,221420.0,299560.0,343750.0,5500,279620.0,328187.0,367487.0,56300,1841270.0,2050360.0,2228140.0
CB8.1,1999-03-17,3.0438,11.69,22.1,0.309,0.0166,5.64,14500,167850.0,395180.0,475160.0,13500,223930.0,518110.0,578217.0,34500,1228800.0,3231620.0,3481820.0
CB8.1,1999-04-14,4.806,10.55,21.17,0.344,0.0215,11.73,4570,259690.0,400520.0,627280.0,28900,584430.0,793410.0,1086460.0,73400,1777900.0,3017000.0,4959070.0
CB8.1,1999-05-12,0.66,9.9,19.04,0.329,0.0133,17.93,5230,110060.0,373710.0,509620.0,7100,337450.0,878860.0,1081510.0,25300,1265500.0,2964000.0,4212200.0
CB8.1,1999-06-14,5.607,6.25,21.91,0.514,0.0442,22.05,1250,105130.0,218920.0,462740.0,1480,88270.0,359400.0,953430.0,5850,375060.0,1479560.0,3292360.0
CB8.1,1999-07-06,5.00625,7.13,24.75,0.378,0.0273,26.13,952,36868.0,166688.0,280008.0,864,39269.0,170569.0,539849.0,13800,217850.0,710450.0,2162250.0
CB8.1,1999-07-19,5.874,7.05,23.63,0.383,0.0256,25.53,853,31121.0,100471.0,235341.0,424,26190.0,97740.0,322720.0,4480,191420.0,508350.0,1435350.0
CB8.1,1999-08-05,6.34125,6.78,24.15,0.329,0.0334,26.99,890,26979.0,63847.0,193667.0,374,14270.0,53539.0,184839.0,2840,130520.0,348370.0,840970.0
CB8.1,1999-08-16,7.67625,6.2,24.59,0.408,0.0449,27.12,417,22259.0,53941.0,134071.0,358,13140.0,41552.0,120132.0,4980,112740.0,307670.0,639590.0
CB8.1,1999-09-21,34.37625,8.4,18.03,0.557,0.0672,22.62,2440,109687.0,130051.0,158934.0,5710,124913.0,138525.0,159727.0,34000,505130.0,627750.0,803410.0
CB8.1,1999-10-08,2.67,7.24,22.25,0.36,0.0364,20.51,4540,256690.0,299742.0,325610.0,8100,251040.0,283758.0,297337.0,21900,765050.0,997960.0,1119320.0
CB8.1,1999-11-01,9.345,9.22,21.29,0.404,0.0292,16.26,1870,112980.0,349289.0,371167.0,2680,201290.0,399680.0,423183.0,17900,546390.0,1227100.0,1394130.0
CB8.1,1999-12-08,5.34,9.83,24.1,0.365,0.0189,10.11,3360,103800.0,194150.0,444910.0,4160,116330.0,275990.0,523890.0,26800,644040.0,1087690.0,1849340.0
CB8.1,2000-02-03,9.2916,12.72,22.87,0.373,0.0293,2.01,3990,125290.0,301290.0,407890.0,3360,115590.0,372090.0,491270.0,12500,711070.0,1613870.0,2207610.0
CB8.1,2000-02-21,4.9395,11.64,23.06,0.4,0.0222,4.98,21000,166610.0,300030.0,482840.0,58400,240970.0,392170.0,631390.0,48700,636480.0,1452280.0,2452570.0
CB8.1,2000-03-14,3.3375,9.6,23.5,0.369,0.0199,9.79,6220,230400.0,347050.0,529460.0,23200,506490.0,612730.0,857440.0,71200,2218700.0,2737080.0,3737080.0
CB8.1,2000-04-17,7.12,10.16,21.1,0.349,0.0147,13.42,5990,273590.0,519950.0,644170.0,11500,531590.0,1065790.0,1193100.0,68000,2418200.0,4780500.0,5302980.0
CB8.1,2000-06-01,9.2115,8.31,18.7,0.408,0.0222,18.58,4310,133590.0,458270.0,723480.0,10900,205040.0,685030.0,1212530.0,49600,1490500.0,3939400.0,6074500.0
CB8.1,2000-07-11,5.67375,7.59,21.27,0.477,0.0283,25.45,1870,99490.0,212360.0,521270.0,2420,181910.0,385490.0,805510.0,11400,1069300.0,2572700.0,4406600.0
CB8.1,2000-07-26,7.3425,6.19,21.48,0.5051,0.0422,23.94,2000,83940.0,181160.0,354060.0,3430,118080.0,354730.0,576730.0,10200,587330.0,1919230.0,3384530.0
CB8.1,2000-08-09,12.9228,7.97,22.05,0.4395,0.0365,26.57,2520,78530.0,178970.0,293140.0,17100,166060.0,352290.0,554960.0,16100,464780.0,1552380.0,3052380.0
CB8.1,2000-08-21,7.6896,8.18,21.1,0.3744,0.0312,24.64,1640,77620.0,165360.0,269710.0,2210,175080.0,313280.0,551750.0,11600,452490.0,1193440.0,2657540.0
CB8.1,2000-09-11,10.0392,9.721,20.67,0.3786,0.0312,23.71,4470,128380.0,207850.0,305780.0,3800,103590.0,285220.0,461790.0,6530,318260.0,795040.0,1833940.0
CB8.1,2000-10-11,5.4468,8.209,21.52,0.4089,0.0313,16.83,1830,107080.0,235460.0,314930.0,3400,174670.0,278260.0,459890.0,10800,327920.0,646180.0,1122960.0
CB8.1,2000-11-13,2.937,8.46,24.12,0.3736,0.032,14.26,2100,48470.0,150710.0,284410.0,2790,64110.0,238620.0,339330.0,19300,380180.0,721010.0,1030270.0
CB8.1,2000-12-15,7.743,10.67,23.62,0.384,0.0364,6.63,1750,56710.0,106110.0,206410.0,3430,79900.0,145410.0,317590.0,17400,405530.0,808140.0,1134440.0
CB8.1,2001-01-10,3.8715,11.95,24.84,0.2633,0.0214,2.74,2290,96350.0,154560.0,202790.0,3430,182360.0,262580.0,327280.0,21400,904240.0,1305630.0,1681520.0
CB8.1,2001-02-13,2.5632,11.4,22.41,0.3242,0.0151,5.89,2630,127380.0,225390.0,282100.0,7580,284580.0,468010.0,547910.0,43000,638240.0,1528660.0,1934190.0
CB8.1,2001-03-23,3.738,10.81,22.13,0.3289,0.018,9.06,28500,157430.0,280740.0,366370.0,64600,349030.0,675780.0,801390.0,73500,1114500.0,2005440.0,2536960.0
CB8.1,2001-04-03,3.4176,10.67,21.08,0.3102,0.0143,9.66,19900,329760.0,434630.0,550000.0,29900,610760.0,899110.0,1098360.0,82700,1632600.0,2673700.0,3161320.0
CB8.1,2001-06-11,3.8448,8.33,20.28,0.3266,0.019,23.45,4090,242760.0,365600.0,764680.0,11700,279110.0,671540.0,1384200.0,15000,505640.0,2048540.0,4222040.0
CB8.1,2001-07-09,6.3012,6.96,23.52,0.413,0.036,24.21,1430,81360.0,319980.0,454940.0,4730,241410.0,500710.0,929050.0,19500,679540.0,1198240.0,2969040.0
CB8.1,2001-07-23,6.7284,6.918,23.17,0.3364,0.0308,24.13,1100,53700.0,274940.0,383740.0,2010,169180.0,468280.0,645450.0,6760,590280.0,1120020.0,1841520.0
CB8.1,2001-08-14,4.9395,5.96,24.3,0.4223,0.0419,26.23,2950,55577.0,123467.0,370487.0,5140,123550.0,329920.0,623730.0,5290,199430.0,856800.0,1359840.0
CB8.1,2001-08-27,5.1264,7.25,24.15,0.4027,0.0359,25.19,1230,65830.0,106047.0,246427.0,2520,161570.0,266640.0,556750.0,5330,173290.0,549900.0,1233340.0
CB8.1,2001-09-14,4.984,7.13,24.12,0.2784999999999999,0.0328,24.3,753,42508.0,99995.0,165745.0,1330,89240.0,220520.0,423610.0,4560,166620.0,358380.0,1018450.0
CB8.1,2001-10-16,3.6312,7.72,25.93,0.272,0.0276,18.65,836,28263.0,66860.0,128137.0,1470,53426.0,128116.0,271606.0,10100,307130.0,472480.0,653320.0
CB8.1,2001-11-12,3.6312,8.772,26.2,0.3449,0.0288,13.76,895,27082.0,55617.0,100402.0,888,32427.0,85373.0,183383.0,4480,202380.0,502750.0,670140.0
CB8.1,2001-12-17,5.2332,9.067,28.02,0.2991,0.0285,13.26,2130,40748.0,67483.0,96334.0,1890,44733.0,74290.0,128456.0,18200,448630.0,649920.0,959580.0
CB8.1,2002-01-14,3.6312,11.71,26.38,0.3122,0.0151,5.26,1450,48090.0,86442.0,113913.0,1750,45887.0,88666.0,119457.0,13900,695190.0,1134670.0,1331740.0
CB8.1,2002-02-15,2.9904,10.59,25.78,0.296,0.0214,7.17,1740,56700.0,103360.0,144108.0,1760,63320.0,109357.0,154090.0,73200,1076330.0,1789310.0,2237940.0
CB8.1,2002-03-14,2.0292,10.11,26.82,0.2669,0.0181,9.37,2100,55530.0,111200.0,160600.0,2500,58340.0,121800.0,167777.0,23600,972100.0,1908430.0,2605120.0
CB8.1,2002-05-23,4.272,9.18,24.29,0.494,0.0257,18.3,2450,239810.0,359160.0,449690.0,12500,563860.0,811220.0,941330.0,92400,2365700.0,4127800.0,4939600.0
CB8.1,2002-06-17,4.9395,7.79,23.74,0.3849,0.0218,23.79,742,52549.0,299999.0,434489.0,4800,245220.0,773040.0,1052170.0,66300,1882800.0,3912200.0,5617700.0
CB8.1,2002-07-15,7.209,6.2,25.33,0.4689,0.0406,25.06,713,21938.0,80496.0,327696.0,1730,55767.0,308927.0,839417.0,7600,871500.0,2922900.0,4804100.0
CB8.1,2002-07-29,8.4105,6.53,25.19,0.4906,0.041,26.58,2440,25022.0,58190.0,230820.0,2010,37277.0,157737.0,605997.0,7900,352640.0,1787440.0,4258940.0
CB8.1,2002-08-12,5.7672,6.04,25.05,0.4021,0.0546,25.95,618,28756.0,51301.0,118057.0,924,55874.0,116911.0,383631.0,5030,196710.0,1125230.0,3471830.0
CB8.1,2002-08-27,8.4105,6.457,26.61,0.3701,0.0516,26.86,578,22150.0,45329.0,80030.0,633,38851.0,75668.0,205778.0,3540,152050.0,512290.0,1965390.0
CB8.1,2002-09-19,4.9395,7.52,25.91,0.3216,0.0333,24.31,426,26019.0,51180.0,73518.0,366,24326.0,71192.0,109759.0,1990,103170.0,270820.0,803320.0
CB8.1,2002-10-23,4.4856,8.35,26.05,0.3472,0.0287,17.91,1720,38351.0,64677.0,88556.0,5100,116921.0,141361.0,183611.0,30500,660000.0,759820.0,917780.0
CB8.1,2002-11-21,9.2115,9.66,26.2,0.357,0.0293,13.06,12000,258840.0,296030.0,322200.0,22400,375840.0,488065.0,512459.0,58900,900800.0,1533430.0,1633750.0
CB8.1,2003-01-13,7.9032,11.73,21.35,0.4497,0.019,5.06,6010,403480.0,631860.0,789970.0,16000,885200.0,1305510.0,1570770.0,54900,1922900.0,3042830.0,3922530.0
CB8.1,2003-02-10,4.4144,13.67,19.44,0.382,0.0118,2.18,3740,113090.0,523520.0,778060.0,5600,246480.0,1147780.0,1542090.0,29800,733920.0,2642320.0,3734650.0
CB8.1,2003-03-11,7.6095,12.6,15.57,0.3471,0.0175,6.0,13600,700730.0,817650.0,1224990.0,74400,984780.0,1246360.0,2137260.0,65600,1125620.0,1886640.0,3770940.0
CB8.1,2003-04-14,31.1055,11.86,14.26,0.5113,0.0199,10.07,31100,619010.0,1346930.0,1451970.0,54400,1222800.0,2369480.0,2583260.0,110000,3892500.0,5139620.0,5798740.0
CB8.1,2003-05-05,12.3888,9.35,17.8,0.4825,0.0237,15.1,7040,483660.0,969800.0,1597060.0,12500,818900.0,2178800.0,2819810.0,43300,2016700.0,5440000.0,6409220.0
CB8.1,2003-06-18,17.69829,9.87,17.29,0.4539,0.0255,22.04,31800,769400.0,1100210.0,1759550.0,32000,1204500.0,2047800.0,3217700.0,51700,2259800.0,3516900.0,7211400.0
CB8.1,2003-07-07,11.214,6.22,18.07,0.5798,0.0405,25.4,15500,665940.0,1320670.0,1797650.0,13400,1026900.0,2258000.0,3063800.0,26300,1933100.0,3830400.0,5615200.0
CB8.1,2003-07-21,10.8135,7.41,19.79,0.4344,0.0368,25.52,5230,406130.0,1141030.0,1577180.0,6470,535750.0,1750750.0,2663250.0,22500,1175390.0,3447390.0,4709390.0
CB8.1,2003-08-05,11.6145,6.14,21.69,0.4619,0.0382,24.42,8940,211720.0,885560.0,1530890.0,5790,270510.0,1335410.0,2536310.0,65600,929290.0,2937090.0,4771690.0
CB8.1,2003-08-18,13.4835,7.08,19.28,0.4446,0.0337,25.99,7710,203530.0,668820.0,1411520.0,10800,225690.0,844130.0,2045830.0,45300,1496090.0,2743790.0,5009190.0
CB8.1,2003-09-25,10.413,7.36,20.19,0.4273,0.0357,22.99,33200,427400.0,627270.0,950950.0,68900,843020.0,1060550.0,1400800.0,106000,1334600.0,2757200.0,3556690.0
CB8.1,2003-10-24,7.476,9.8,19.26,0.3972,0.0252,16.12,3980,252390.0,650000.0,850440.0,7430,477430.0,1255960.0,1474870.0,35600,1498000.0,2743000.0,4209500.0
CB8.1,2003-11-11,10.68,9.41,17.74,0.3969,0.0193,14.6,12700,243430.0,758820.0,916730.0,10700,352600.0,1317610.0,1598850.0,45900,1677600.0,3229700.0,4425900.0
CB8.1,2003-12-22,20.826,11.25,18.89,0.4902,0.029,6.54,15200,595600.0,1028790.0,1324000.0,21900,1004400.0,1607180.0,2192180.0,61200,2861600.0,4848200.0,6430600.0
CB8.1,2004-01-13,17.4885,11.98,16.7,0.4323,0.0166,4.18,8070,418750.0,1040950.0,1303370.0,12200,730300.0,1781200.0,2158960.0,55600,2851600.0,5515800.0,7269100.0
CB8.1,2004-02-20,9.078,13.12,16.53,0.5233,0.0209,4.27,10000,390620.0,684990.0,1280590.0,15500,558360.0,1108540.0,2112940.0,26100,793700.0,3172300.0,6033900.0
CB8.1,2004-03-15,3.738,11.12,19.47,0.4019,0.0117,7.67,6700,282440.0,645500.0,1021930.0,14900,705200.0,1204240.0,1874240.0,68700,2072000.0,2915100.0,5589500.0
CB8.1,2004-04-20,13.35,10.33,17.9,0.5143,0.0199,12.76,14400,366700.0,638330.0,1028950.0,23600,862800.0,1541500.0,2099860.0,81300,2607400.0,4873200.0,5666900.0
CB8.1,2004-05-10,8.01,9.44,19.43,0.4068,0.0177,17.62,6470,413320.0,638760.0,961680.0,15000,905200.0,1497300.0,2249700.0,70700,2430100.0,4730500.0,6593200.0
CB8.1,2004-06-07,12.104,7.52,19.42,0.4369,0.0324,22.17,11100,228420.0,639110.0,871580.0,19500,417580.0,1324680.0,1936580.0,54600,1811800.0,4234200.0,6701100.0
CB8.1,2004-06-21,11.214,7.79,20.48,0.4436,0.0333,24.27,7110,282090.0,509770.0,881340.0,9430,410680.0,1006720.0,1863920.0,31600,1390300.0,3474300.0,6073700.0
CB8.1,2004-07-06,8.188,6.81,20.81,0.4998,0.0359,25.46,12100,226560.0,451660.0,860230.0,4510,290870.0,706550.0,1615150.0,10300,798900.0,2622300.0,5059600.0
CB8.1,2004-07-19,6.052,6.73,19.67,0.3285,0.0237,26.29,3490,162190.0,442560.0,678410.0,3820,175440.0,607390.0,1200830.0,35700,662810.0,2109510.0,4221510.0
CB8.1,2004-08-09,13.884,7.73,18.52,0.4773,0.0412,24.83,3180,130570.0,341750.0,578670.0,3560,160430.0,419850.0,829530.0,38000,1734010.0,2429510.0,4144910.0
CB8.1,2004-08-23,10.68,6.7,20.63,0.5034,0.038,24.95,2960,125620.0,271690.0,540860.0,4630,147550.0,299130.0,681930.0,60000,1857700.0,2555510.0,3815910.0
CB8.1,2004-09-10,7.209,7.699,21.11,0.3277,0.025,25.29,42300,140020.0,269400.0,472630.0,31300,118640.0,276900.0,525110.0,140000,1298000.0,3055800.0,3729310.0
CB8.1,2004-09-22,10.858,8.44,19.16,0.4233,0.0312,22.84,11100,255360.0,380980.0,527050.0,19900,399470.0,547020.0,698600.0,207000,3267000.0,5124700.0,5822510.0
CB8.1,2004-10-13,9.879,8.32,17.95,0.3885,0.0254,19.68,5130,386930.0,573330.0,696280.0,6200,686530.0,876190.0,1030400.0,32600,3680600.0,5306600.0,7060500.0
CB8.1,2004-11-11,24.03,10.33,19.91,0.4132,0.0303,14.55,6810,158350.0,550450.0,732230.0,8210,192020.0,887450.0,1065940.0,39500,1241700.0,5009700.0,6563700.0
CB8.1,2004-12-09,5.4735,9.24,20.68,0.4083,0.0165,11.91,12200,446470.0,601730.0,1030330.0,15700,471370.0,659180.0,1409150.0,74900,2468200.0,3704400.0,7717200.0
CB8.1,2005-01-12,10.947,11.8,16.91,0.4007,0.0143,6.92,6450,327730.0,824610.0,998640.0,17900,447170.0,1028350.0,1230680.0,113000,2725800.0,5538500.0,6816400.0
CB8.1,2005-02-16,7.476,12.47,16.19,0.4708,0.012,3.51,6240,275620.0,676650.0,1174930.0,12600,340750.0,889820.0,1520700.0,68600,1846700.0,5050700.0,8240100.0
CB8.1,2005-03-14,8.277,11.28,21.11,0.3523,0.0226,5.92,10900,252870.0,648610.0,961840.0,15600,369010.0,860160.0,1294230.0,51300,1654300.0,4139000.0,6809800.0
CB8.1,2005-04-05,22.88572,12.77,15.37,0.5356,0.0126,9.2,27800,490160.0,692470.0,1090860.0,52300,1033720.0,1334260.0,1907900.0,325000,3332500.0,4925000.0,8148300.0
CB8.1,2005-05-09,24.25886,9.66,17.84,0.3671,0.0215,14.04,7340,278830.0,788840.0,1015400.0,8480,372910.0,1476840.0,1804360.0,28200,1459300.0,5395400.0,7061500.0
CB8.1,2005-06-13,7.476,8.34,19.15,0.3386,0.0181,22.55,3970,166750.0,416420.0,922240.0,4900,257920.0,572930.0,1679660.0,19800,488010.0,1611210.0,5754510.0
CB8.1,2005-06-27,5.7405,6.59,19.09,0.3849,0.0307,23.84,1910,105700.0,329320.0,796710.0,2680,158850.0,463400.0,1395970.0,10200,401180.0,1149650.0,5082350.0
CB8.1,2005-07-11,5.7405,8.06,20.1,0.4725,0.0297,26.69,4460,83650.0,252680.0,511330.0,11000,164440.0,426100.0,759460.0,17400,375910.0,867580.0,2115480.0
CB8.1,2005-07-25,10.83257,5.283,21.55,0.4074,0.041,26.69,2350,95670.0,209900.0,441850.0,5090,220440.0,401470.0,701920.0,16400,415000.0,826380.0,1643350.0
CB8.1,2005-08-10,8.1435,8.38,19.53,0.42,0.0251,28.05,2000,81640.0,165290.0,334320.0,3250,161080.0,325520.0,587180.0,5910,335990.0,711900.0,1203570.0
CB8.1,2005-08-22,9.256,6.31,21.81,0.4431,0.0428,27.52,2240,61810.0,156630.0,284140.0,2450,95450.0,310750.0,516390.0,5170,214230.0,628710.0,1050740.0
CB8.1,2005-09-21,6.408,6.44,22.95,0.4257,0.035,26.09,1240,47390.0,109200.0,204020.0,1080,50170.0,145620.0,360920.0,4340,212020.0,426250.0,840730.0
CB8.1,2005-10-19,4.88229,7.9,22.26,0.5355,0.0372,19.41,2510,126405.0,175945.0,239845.0,2270,94341.0,147631.0,252551.0,30500,437500.0,651380.0,880670.0
CB8.1,2005-11-28,5.79771,9.77,22.92,0.4167,0.0291,11.85,3590,75890.0,224794.0,267635.0,4510,117720.0,257482.0,300521.0,49400,1400400.0,2358140.0,2562480.0
CB8.1,2006-01-10,8.01,11.26,20.6,0.3924,0.0175,6.54,5880,237150.0,490970.0,582580.0,14200,383610.0,726360.0,850730.0,75400,1597700.0,3739300.0,5093600.0
CB8.1,2006-03-06,8.9,11.51,19.59,0.4265,0.0184,6.44,3890,195050.0,495280.0,735810.0,6270,394810.0,960710.0,1292740.0,22300,1574400.0,4287500.0,5723300.0
CB8.1,2006-04-03,4.984,9.73,20.87,0.4007,0.0216,11.68,3140,99080.0,300150.0,607020.0,3940,146580.0,562710.0,1157810.0,18500,928800.0,2627000.0,5365600.0
CB8.1,2006-05-25,3.916,8.91,21.01,0.3691,0.0147,19.69,2040,128550.0,272500.0,384420.0,5710,296740.0,534180.0,714390.0,29700,1069200.0,1949400.0,2898400.0
CB8.1,2006-06-05,6.6216,7.78,22.82,0.3732,0.02,21.73,2000,87710.0,257950.0,355120.0,5160,207920.0,537200.0,677930.0,51400,838000.0,1989800.0,2929500.0
CB8.1,2006-06-21,8.01,8.594,22.41,0.3629,0.0231,23.76,1660,56110.0,205170.0,331110.0,1870,120500.0,482400.0,648620.0,19200,950800.0,2094900.0,2892200.0
CB8.1,2006-07-10,9.078,7.59,20.41,0.5227,0.0259,25.18,3380,304000.0,378310.0,551440.0,7500,403130.0,610460.0,940200.0,42300,2405800.0,3413100.0,4524200.0
CB8.1,2006-07-24,6.586,6.95,24.26,0.3338,0.0242,25.02,3140,315240.0,368470.0,497020.0,4750,440470.0,547740.0,844480.0,27400,2509700.0,3422800.0,4492000.0
CB8.1,2006-08-14,9.612,6.51,22.07,0.3921,0.0446,25.51,1110,58500.0,365290.0,430410.0,1510,95570.0,512710.0,700660.0,10700,756560.0,3169060.0,4186860.0
CB8.1,2006-08-28,7.9032,6.38,25.48,0.4033,0.0438,25.61,853,34208.0,215418.0,407658.0,1260,51407.0,324117.0,596667.0,17200,443020.0,2358420.0,3920320.0
CB8.1,2006-09-18,7.298,8.37,21.47,0.4135,0.0311,23.38,2900,131712.0,182822.0,493382.0,3890,143027.0,222027.0,652187.0,33000,1035210.0,1656720.0,4147420.0
CB8.1,2006-10-16,9.345,8.6,17.31,0.4953,0.0368,18.04,4510,257650.0,384672.0,438592.0,4700,138930.0,276327.0,361187.0,21500,616580.0,1617580.0,2277700.0
CB8.1,2006-11-15,7.3692,9.91,15.98,0.4754,0.0329,15.17,12100,286600.0,544250.0,671272.0,19900,299510.0,438440.0,575837.0,68100,1626800.0,2243380.0,3244380.0
CB8.1,2006-12-11,7.12,10.83,18.25,0.4469,0.0196,8.06,4190,428520.0,668230.0,918410.0,5830,566320.0,808100.0,943700.0,31500,2146000.0,3622180.0,4286180.0
CB8.1,2007-01-09,9.256,10.01,18.0,0.4512,0.017,10.92,29800,339820.0,776550.0,1013960.0,22300,315050.0,894140.0,1127140.0,110000,1300800.0,3445900.0,4902780.0
CB8.1,2007-03-12,6.675,12.02,18.97,0.3341,0.0127,6.07,7850,350560.0,567660.0,956340.0,16800,596220.0,841540.0,1188520.0,39400,1008210.0,2459980.0,3926180.0
CB8.1,2007-04-09,12.015,10.84,17.95,0.3856,0.0185,10.58,6240,391620.0,733650.0,999920.0,9610,727810.0,1298360.0,1579550.0,60800,3190700.0,4153180.0,5814180.0
CB8.1,2007-05-10,7.3425,8.63,16.2,0.5158,0.024,15.82,6340,385440.0,774370.0,1121040.0,7210,662030.0,1382510.0,1965790.0,38700,2104500.0,5316200.0,6291980.0
CB8.1,2007-06-05,4.539,7.55,22.64,0.3474,0.0175,20.35,5420,144450.0,527300.0,936600.0,4780,172520.0,843740.0,1601440.0,16100,786220.0,2928520.0,6078420.0
CB8.1,2007-06-18,7.476,7.39,20.26,0.3249,0.0242,22.98,2760,110170.0,353330.0,752630.0,3430,134370.0,504270.0,1306720.0,13500,481170.0,2228570.0,5080270.0
CB8.1,2007-07-09,7.0755,7.31,22.9,0.3904,0.0253,25.73,1780,78760.0,212520.0,597960.0,1850,84330.0,245050.0,907080.0,11800,306650.0,970570.0,3075070.0
CB8.1,2007-07-24,8.01,7.19,23.41,0.4096,0.0287,24.84,1680,64340.0,161090.0,347570.0,1030,55780.0,172250.0,434290.0,5610,233540.0,640450.0,1901150.0
CB8.1,2007-08-06,8.4105,6.64,23.63,0.3773,0.0375,26.86,1460,50960.0,134120.0,273060.0,1270,46278.0,136458.0,302118.0,11700,217730.0,534630.0,1252050.0
CB8.1,2007-08-21,5.4468,6.78,24.88,0.3586,0.0309,26.2,1250,44190.0,109080.0,209150.0,2420,45248.0,104098.0,226138.0,9030,230680.0,464510.0,900920.0
CB8.1,2007-09-21,8.544,7.3,25.26,0.5243,0.0496,23.29,1110,37149.0,80679.0,145369.0,1170,67450.0,114268.0,171608.0,7590,253320.0,490400.0,724140.0
CB8.1,2007-10-15,2.937,6.88,25.69,0.4163,0.0304,21.63,543,24831.0,64550.0,110220.0,915,28409.0,99439.0,142957.0,3790,148250.0,403730.0,634970.0
CB8.1,2007-11-09,2.5632,8.55,24.5,0.4898,0.0374,14.74,1330,64555.0,90615.0,131660.0,1610,61965.0,93047.0,165977.0,15900,421870.0,584550.0,859840.0
CB8.1,2007-12-10,6.942,10.06,26.11,0.3607,0.0139,9.69,1330,40310.0,105373.0,131311.0,3240,75850.0,138885.0,169397.0,31200,1039720.0,1461870.0,1624210.0
CB8.1,2008-01-22,3.471,11.13,24.1,0.3127,0.0169,5.55,2590,94940.0,145570.0,219960.0,5910,254870.0,450880.0,534200.0,28800,2073900.0,3423200.0,4062680.0
CB8.1,2008-02-25,1.4685,10.26,22.32,0.204,0.017,6.69,3370,139860.0,233920.0,289130.0,8880,372420.0,616830.0,833630.0,52000,2266700.0,4026100.0,5647100.0
CB8.1,2008-03-18,3.6045,9.48,22.23,0.3498,0.017,9.58,5350,181630.0,308670.0,405490.0,12200,566650.0,899040.0,1169240.0,101000,3256700.0,5223000.0,7267900.0
CB8.1,2008-04-18,5.2065,9.21,18.42,0.3491,0.0136,15.64,4520,217070.0,398150.0,527510.0,9300,360270.0,926620.0,1263150.0,47500,2241800.0,5536500.0,7511700.0
CB8.1,2008-05-16,7.3425,9.2,18.01,0.4446,0.0242,17.98,12600,358270.0,576150.0,758340.0,43300,1116870.0,1481440.0,2048690.0,54800,1391200.0,3743100.0,6954900.0
CB8.1,2008-06-09,5.874,7.59,18.76,0.422,0.025,24.08,2130,197650.0,511650.0,726430.0,12700,952600.0,1703020.0,2100540.0,23700,1210600.0,2571800.0,5298600.0
CB8.1,2008-07-07,8.23886,6.76,23.02,0.3991,0.0324,24.22,3310,45505.0,266945.0,579005.0,3960,183460.0,1138060.0,1873180.0,14800,386950.0,1625150.0,3037250.0
CB8.1,2008-07-21,6.675,6.38,21.82,0.4256,0.0275,26.52,1130,46035.0,127135.0,498335.0,2610,131030.0,513560.0,1702060.0,12700,333450.0,1009780.0,2546180.0
CB8.1,2008-08-11,8.7576,6.87,19.86,0.4123,0.0343,25.83,584,32050.0,79725.0,235745.0,1840,93880.0,247440.0,993760.0,5660,336820.0,687490.0,1799790.0
CB8.1,2008-08-25,6.141,6.87,23.03,0.4046,0.0429,25.07,502,21934.0,66378.0,129618.0,1130,63650.0,185170.0,474920.0,5710,314140.0,649480.0,1168460.0
CB8.1,2008-09-30,10.22229,7.92,22.13,0.483,0.0394,21.97,3080,82431.0,115484.0,160264.0,6330,106300.0,158416.0,274526.0,21700,255340.0,509140.0,862670.0
CB8.1,2008-10-27,5.7405,8.28,24.58,0.3645,0.0321,15.94,926,40125.0,128176.0,148570.0,3200,82300.0,178990.0,233326.0,12100,253770.0,464820.0,744310.0
CB8.1,2008-11-17,8.23886,8.67,24.49,0.3203,0.022,12.98,3780,45494.0,87126.0,170739.0,3640,64910.0,147220.0,238306.0,18100,374280.0,621990.0,853900.0
CB8.1,2008-12-17,9.256,10.14,23.56,0.3824,0.0155,8.29,6810,129440.0,174934.0,216566.0,14900,193580.0,258490.0,340800.0,56400,911300.0,1285580.0,1533290.0
CB8.1,2009-01-13,7.2624,9.85,24.78,0.3542,0.0118,6.67,6990,176270.0,290760.0,328199.0,14900,460840.0,610810.0,670850.0,40200,1919000.0,2650340.0,3008810.0
CB8.1,2009-02-09,3.0705,11.07,23.55,0.2657,0.0111,3.77,2770,123690.0,320680.0,391400.0,5430,241860.0,721600.0,803780.0,33200,612960.0,2638960.0,3191100.0
CB8.1,2009-03-23,2.67,10.57,21.35,0.2934,0.0064,7.81,6750,143690.0,235510.0,387990.0,4050,129720.0,331690.0,687680.0,50900,1448800.0,2472560.0,3961560.0
CB8.1,2009-04-24,2.2695,9.52,19.99,0.2867,0.0087,13.84,14600,263240.0,413210.0,504410.0,30400,456330.0,581440.0,782000.0,42000,1296300.0,2749300.0,3805860.0
CB8.1,2009-05-12,7.209,8.34,19.75,0.4474,0.0216,18.63,17500,337440.0,594380.0,680950.0,26600,897000.0,1168600.0,1347000.0,42600,1182200.0,2583400.0,4121500.0
CB8.1,2009-06-15,6.86571,7.94,19.9,0.3786,0.02,24.66,7720,295720.0,654730.0,915320.0,11300,479560.0,1401860.0,1704360.0,29900,1014100.0,2147700.0,3436200.0
CB8.1,2009-07-13,12.4155,6.72,20.61,0.4654,0.0366,25.24,2300,155520.0,457090.0,807600.0,2940,262120.0,747880.0,1661280.0,26700,845900.0,1875300.0,3028700.0
CB8.1,2009-07-27,8.23886,6.34,21.85,0.4038,0.0409,26.3,2280,75850.0,338750.0,707390.0,3660,106890.0,599750.0,1414610.0,24500,669780.0,1605280.0,2676280.0
CB8.1,2009-08-10,14.418,6.72,22.12,0.5181,0.0341,26.49,2470,63270.0,229610.0,540970.0,2590,96880.0,388060.0,878220.0,27800,697180.0,1540080.0,2588880.0
CB8.1,2009-08-24,9.30686,6.36,24.3,0.3707,0.0516,26.32,3480,60690.0,141130.0,409210.0,2720,93500.0,209120.0,713370.0,27100,847700.0,1538780.0,2457480.0
CB8.1,2009-09-14,8.9712,7.78,21.29,0.4184,0.0384,23.01,1220,46810.0,109900.0,249920.0,1550,65390.0,160270.0,395750.0,27000,631300.0,1378280.0,2215180.0
CB8.1,2009-10-29,8.277,9.01,24.3,0.3722,0.0245,16.69,3490,56010.0,97300.0,158380.0,13800,105290.0,155530.0,246030.0,85100,828480.0,1273330.0,2116730.0
CB8.1,2009-11-16,6.2745,8.89,20.31,0.3867,0.0314,13.86,18600,258910.0,311760.0,357350.0,7930,176000.0,227810.0,292450.0,20900,1369700.0,1740060.0,2315730.0
CB8.1,2009-12-07,5.607,9.59,18.52,0.5047,0.031,10.87,19400,426340.0,527340.0,579010.0,14400,228940.0,378160.0,428120.0,44600,863400.0,2124570.0,2521630.0
CB8.1,2010-01-14,12.6024,13.13,19.14,0.4105,0.0197,2.09,5120,446790.0,990920.0,1232600.0,7070,581990.0,1029880.0,1201450.0,26400,1324800.0,2397300.0,3763800.0
CB8.1,2010-03-19,11.4276,12.24,16.69,0.4256,0.00945,8.63,17300,504040.0,1122020.0,1520680.0,46000,1236300.0,2119400.0,2653560.0,123000,1715190.0,3730490.0,4901390.0
CB8.1,2010-04-16,8.08629,10.3,17.41,0.3812,0.011,14.81,7050,462600.0,944470.0,1558640.0,9270,763570.0,1917570.0,2797210.0,25800,2205200.0,3699090.0,5709890.0
CB8.1,2010-05-11,8.66267,8.55,21.65,0.3563,0.0173,17.09,2900,163740.0,775760.0,1117080.0,6180,273140.0,1634340.0,2196940.0,21400,917900.0,3775400.0,4561790.0
CB8.1,2010-06-02,8.4105,6.94,21.32,0.3227,0.0251,22.57,5350,159320.0,388630.0,983970.0,9070,303540.0,634650.0,2068750.0,19300,929600.0,2071100.0,4740200.0
CB8.1,2010-06-22,7.476,7.03,19.89,0.3313,0.0269,26.93,2180,122770.0,269860.0,671930.0,3060,242170.0,503570.0,1072700.0,12600,626680.0,1620980.0,3322180.0
CB8.1,2010-07-12,8.811,6.54,22.32,0.4545,0.0369,26.45,976,44982.0,206762.0,358182.0,1790,81250.0,366770.0,630450.0,5530,365190.0,1177470.0,2069670.0
CB8.1,2010-08-04,4.6992,7.47,24.0,0.3374,0.0283,25.58,1220,34982.0,94792.0,257622.0,1170,55980.0,171160.0,463710.0,11400,299430.0,745720.0,1609120.0
CB8.1,2010-08-30,6.3012,6.39,23.22,0.3611,0.0407,26.33,1780,47038.0,81940.0,158290.0,1140,53310.0,111780.0,250710.0,21100,271000.0,562240.0,1052470.0
CB8.1,2010-09-23,7.7964,7.55,24.65,0.3784,0.0373,25.74,583,34877.0,74185.0,111217.0,1010,27738.0,82828.0,146238.0,4370,231320.0,468160.0,771410.0
CB8.1,2010-10-18,5.2065,8.36,23.66,0.4153,0.0285,18.05,1840,103854.0,144583.0,180441.0,2250,124667.0,155340.0,210550.0,40400,1047250.0,1294300.0,1541140.0
CB8.1,2010-11-16,3.6312,9.85,23.8,0.3068,0.0192,12.93,2060,82870.0,185663.0,227733.0,2250,71050.0,194458.0,227310.0,21500,679040.0,1689710.0,1939080.0
CB8.1,2011-01-10,4.5924,12.72,23.25,0.2811,0.0231,2.37,3280,103090.0,291290.0,371310.0,2210,100550.0,339800.0,412930.0,15400,838300.0,2756940.0,3479540.0
CB8.1,2011-03-17,3.3108,10.34,21.31,0.3057,0.0129,8.71,14600,437030.0,551150.0,646600.0,26900,954200.0,1107880.0,1195980.0,132000,4033300.0,4486350.0,5095210.0
CB8.1,2011-04-12,9.2115,10.11,18.45,0.3502,0.0119,13.9,12200,291870.0,662580.0,773490.0,18700,575400.0,1401190.0,1537470.0,104000,3443500.0,6774700.0,7206210.0
CB8.1,2011-05-09,8.9712,9.04,18.49,0.3556,0.0182,17.43,7820,545140.0,958530.0,1190220.0,17800,1468800.0,2324100.0,2845980.0,86300,4681900.0,8835400.0,11177700.0
CB8.1,2011-06-06,9.8256,7.61,16.28,0.4422,0.0246,23.63,3560,291750.0,841760.0,1292150.0,7850,876820.0,2338620.0,3255020.0,40900,2411000.0,7204600.0,11459100.0
CB8.1,2011-06-27,6.052,7.66,17.96,0.4163,0.0272,25.7,2120,111680.0,496280.0,957910.0,5240,277120.0,1392920.0,2583420.0,28900,1237000.0,4752900.0,8403300.0
CB8.1,2011-07-11,8.9,7.72,19.12,0.4279,0.0355,26.29,2700,78300.0,347990.0,881750.0,4210,155270.0,984670.0,2442070.0,16600,710500.0,2859900.0,7410300.0
CB8.1,2011-08-08,5.073,7.37,18.7,0.3722,0.0277,27.62,1010,41165.0,118465.0,395325.0,1840,72210.0,231110.0,1074530.0,20000,300190.0,1027590.0,3271490.0
CB8.1,2011-09-20,4.806,7.22,19.9,0.4228,0.0473,22.07,2030,141270.0,183884.0,246174.0,6400,344910.0,401860.0,531150.0,46900,3808230.0,4149550.0,4634800.0
CB8.1,2011-10-18,7.743,8.37,19.22,0.4166,0.0323,19.16,5040,144410.0,285060.0,326584.0,14000,326580.0,662700.0,718720.0,86400,2526100.0,6239290.0,6591350.0
CB8.1,2011-11-22,5.6604,9.44,20.84,0.3798,0.0237,13.88,3850,107450.0,264470.0,408390.0,10400,273450.0,629410.0,991230.0,42500,1423100.0,4084000.0,7977820.0
CB8.1,2011-12-14,7.2624,10.49,18.9,0.3905,0.0201,10.61,10200,395730.0,509840.0,640580.0,21300,795650.0,1109250.0,1423580.0,62900,2220500.0,3952700.0,6442900.0
CB8.1,2012-01-09,8.8644,11.83,17.64,0.364,0.0208,7.63,5760,328020.0,669840.0,824690.0,9550,500950.0,1202340.0,1531860.0,43500,1887000.0,3948400.0,5755800.0
CB8.1,2012-02-14,12.46,11.22,18.45,0.3848,0.0218,6.44,4750,269670.0,580020.0,987210.0,8980,447550.0,912390.0,1732240.0,29400,1721200.0,3478600.0,5747700.0
CB8.1,2012-03-16,5.4468,10.05,18.03,0.3376,0.0182,11.95,7330,390440.0,649730.0,967620.0,10200,519690.0,947090.0,1425130.0,48200,1256000.0,2925900.0,4710000.0
CB8.1,2012-04-19,7.1556,9.92,19.09,0.3431,0.0186,16.53,4190,318820.0,716450.0,954160.0,4990,272350.0,794650.0,1176720.0,17200,775200.0,2094300.0,3627600.0
CB8.1,2012-05-21,5.6604,8.03,21.32,0.3337,0.0236,19.2,9620,276630.0,590370.0,991320.0,9620,246600.0,510210.0,1034270.0,53800,1476800.0,2208900.0,3541700.0
CB8.1,2012-06-04,5.874,7.29,21.67,0.3489,0.0261,22.44,5240,257750.0,449590.0,838070.0,13900,331060.0,524790.0,907850.0,72300,1671500.0,2466800.0,3642200.0
CB8.1,2012-06-25,7.00133,6.95,22.03,0.3304,0.0321,25.05,2550,119940.0,410630.0,641300.0,3480,226130.0,498410.0,744560.0,12200,1103200.0,2661300.0,3361400.0
CB8.1,2012-07-23,9.078,7.05,23.25,0.3709,0.0295,27.32,1590,50760.0,182860.0,467730.0,4920,81370.0,326950.0,589830.0,20400,284830.0,1431030.0,2980030.0
CB8.1,2012-08-07,10.06971,5.88,23.56,0.3936,0.0524,27.72,1620,48410.0,125810.0,374060.0,2620,92360.0,198930.0,538170.0,6170,304630.0,883450.0,2562950.0
CB8.1,2012-09-17,7.3692,6.39,24.68,0.3422,0.0329,24.07,1370,67200.0,119910.0,175120.0,1720,92250.0,193550.0,271100.0,10100,281600.0,636210.0,947760.0
CB8.1,2012-10-15,6.10286,7.83,25.73,0.3745,0.0409,18.7,1570,70310.0,137760.0,190970.0,2570,146690.0,240520.0,340330.0,12900,435700.0,730120.0,1073920.0
CB8.1,2012-11-12,6.675,9.37,23.76,0.3755,0.0288,11.52,1630,56260.0,126420.0,194550.0,6120,488480.0,633950.0,729680.0,35900,1107090.0,1539220.0,1847100.0
CB8.1,2013-01-16,5.874,10.35,22.73,0.3189,0.0172,8.18,5720,95030.0,149390.0,207300.0,23300,331020.0,463700.0,976110.0,95600,1592200.0,2195710.0,3383810.0
CB8.1,2013-02-13,5.6604,10.89,20.94,0.2815,0.01085,6.51,5410,445620.0,535350.0,590640.0,11800,799430.0,1099480.0,1236810.0,37800,2022400.0,3526100.0,4103610.0
CB8.1,2013-03-20,6.675,11.22,16.42,0.299,0.0162,9.23,14600,286000.0,653040.0,835660.0,18800,504530.0,1194960.0,1637270.0,54400,1201200.0,2967500.0,4714500.0
CB8.1,2013-04-15,2.403,8.63,22.27,0.3222,0.0216,13.07,16400,293470.0,541030.0,988730.0,22300,495200.0,960830.0,1754760.0,86300,1417100.0,2493300.0,4488300.0
CB8.1,2013-05-14,8.2236,8.4,18.38,0.3634,0.0206,17.41,16600,447530.0,741100.0,977140.0,30700,614600.0,1117900.0,1564630.0,50400,1428900.0,2849200.0,3872900.0
CB8.1,2013-06-05,4.272,7.88,23.52,0.3478,0.0181,20.81,4200,406250.0,680550.0,1025590.0,6330,577810.0,964240.0,1562540.0,23000,906400.0,2406500.0,3791800.0
CB8.1,2013-06-24,8.01,7.09,20.2,0.4041,0.027,23.4,8750,403260.0,818420.0,1107420.0,6630,338650.0,925880.0,1382280.0,32800,919300.0,1922000.0,3472600.0
CB8.1,2013-07-15,6.5415,6.89,22.05,0.3822,0.0241,26.13,15400,400740.0,760370.0,1202300.0,12100,226070.0,577640.0,1195740.0,33100,1292200.0,2094300.0,3449000.0
CB8.1,2013-08-12,8.9,6.95,23.18,0.4028,0.0324,25.85,5550,199150.0,605090.0,946820.0,4110,157420.0,398990.0,755960.0,24800,524150.0,1823750.0,2646050.0
CB8.1,2013-09-20,7.8765,6.83,24.11,0.3823,0.0492,23.18,1590,95030.0,244630.0,598370.0,1770,90490.0,212370.0,399300.0,16000,377080.0,921230.0,2051330.0
CB8.1,2013-10-21,7.59467,8.02,23.32,0.4238,0.029,19.23,2030,66690.0,159140.0,306440.0,4590,147890.0,237670.0,357510.0,16100,551580.0,923980.0,1449830.0
CB8.1,2013-11-11,7.5828,8.49,24.44,0.3303,0.0259,14.12,1690,61510.0,121360.0,237700.0,2370,149780.0,228450.0,329270.0,22900,504200.0,949900.0,1395610.0
CB8.1,2013-12-09,6.5415,10.01,23.37,0.3028,0.0222,8.45,10500,125650.0,191070.0,247520.0,39200,189820.0,356830.0,418130.0,50200,729120.0,1376460.0,1674960.0
CB8.1,2014-03-21,4.806,11.56,20.5,0.3033,0.0108,6.26,9940,414390.0,750050.0,1239910.0,15400,745200.0,1212970.0,1852070.0,53600,1319100.0,1993700.0,3812100.0
CB8.1,2014-04-14,4.3788,9.76,17.87,0.3408,0.0156,14.14,9910,351150.0,775510.0,1128370.0,12800,599700.0,1319100.0,1794470.0,68400,2341500.0,3321000.0,4304400.0
CB8.1,2014-07-10,11.59543,7.36,22.85,0.3856,0.0294,25.49,2160,113940.0,496060.0,976280.0,5020,341780.0,1153360.0,1818360.0,23200,897100.0,2795100.0,4837500.0
CB8.1,2014-08-04,9.078,7.32,19.66,0.4137,0.0303,24.42,2130,62990.0,188580.0,597460.0,3530,127640.0,492810.0,1341810.0,13300,509850.0,1425250.0,3415550.0
CB8.1,2014-08-28,6.8085,7.39,20.07,0.3913,0.0239,25.45,2500,64370.0,134230.0,275380.0,2770,102260.0,242650.0,638840.0,14600,506960.0,1083000.0,2064400.0
CB8.1,2014-09-15,4.9395,6.73,21.2,0.5021,0.0389,24.39,1550,58560.0,117260.0,207560.0,2030,84770.0,190640.0,387590.0,3770,438210.0,902960.0,1643860.0
CB8.1,2014-10-20,4.0584,7.41,25.79,0.3848,0.0275,19.38,4910,75190.0,130970.0,190480.0,6060,91230.0,170660.0,271610.0,34500,291440.0,683290.0,1153840.0
CB8.1,2014-11-25,7.7964,9.57,22.89,0.3401,0.0177,10.838,2320,55430.0,139840.0,185310.0,2910,76320.0,180850.0,249400.0,12900,342410.0,687740.0,1009240.0
CB8.1,2015-01-12,2.5365,11.44,21.43,0.2958,0.0090499999999999,4.685,3980,138970.0,279340.0,367880.0,7030,236330.0,436320.0,547900.0,24400,1099000.0,1788100.0,2227700.0
CB8.1,2015-02-09,2.9904,11.28,22.96,0.2447,0.0107,4.05,4500,155530.0,298140.0,430000.0,7000,238350.0,488350.0,666800.0,16600,559200.0,1699700.0,2325700.0
CB8.1,2015-03-09,4.6992,12.81,18.82,0.3051,0.01235,2.721,22400,235420.0,391460.0,539560.0,29400,256050.0,493200.0,767700.0,19300,387510.0,975050.0,2186050.0
CB8.1,2015-06-01,3.471,7.24,22.18,0.2937,0.0168,22.789,2870,167820.0,630350.0,1122490.0,3880,242700.0,791290.0,1535660.0,11200,683800.0,3294600.0,4861900.0
CB8.1,2015-06-22,6.3012,7.38,22.65,0.3315,0.0227,26.851,3310,95870.0,362090.0,786130.0,11500,177210.0,549840.0,1051430.0,63300,760800.0,1880300.0,4323600.0
CB8.1,2015-07-06,17.088,7.33,22.36,0.3994,0.023,26.691,4050,131300.0,269420.0,741190.0,9110,350630.0,568890.0,1137670.0,91400,1383200.0,2022600.0,4390000.0
CB8.1,2015-08-03,6.408,6.63,23.36,0.3693,0.0277,27.369,2400,113470.0,245310.0,392740.0,2700,186550.0,532270.0,758530.0,20900,1158700.0,2426100.0,3085700.0
CB8.1,2015-08-25,10.0392,7.46,23.87,0.4115,0.0376,26.37,1740,62320.0,218070.0,312590.0,2510,75010.0,430890.0,627620.0,13900,398800.0,1973200.0,2821200.0
CB8.1,2015-09-29,5.34,7.56,23.08,0.3493,0.0222,23.193,2320,43750.0,101020.0,224620.0,1700,44980.0,113300.0,335710.0,12100,216690.0,563910.0,1927210.0
CB8.1,2015-10-20,4.1652,8.04,21.43,0.4274,0.0334,16.773,2500,226310.0,269340.0,332840.0,2810,210780.0,264730.0,342090.0,11200,366280.0,626200.0,1072600.0
CB8.1,2015-11-24,4.6725,8.77,20.33,0.3507,0.0262,12.968,10100,244240.0,474580.0,515760.0,6650,167610.0,383860.0,430300.0,18700,742700.0,1121510.0,1339610.0
CB8.1,2015-12-17,6.7284,9.13,23.18,0.3215,0.0214,13.36,5780,304970.0,482260.0,705600.0,5180,222360.0,368240.0,576220.0,22000,739300.0,1360810.0,1712730.0
CB8.1,2016-03-16,3.204,10.93,20.31,0.2889,0.008,10.904,11900,553200.0,959070.0,1351660.0,15700,789340.0,1519220.0,1966010.0,42400,2169500.0,3464700.0,4962600.0
CB8.1,2016-06-06,5.4468,7.15,21.04,0.3109,0.01405,22.164,27700,379110.0,643130.0,886340.0,19600,546800.0,832830.0,1153570.0,25000,958500.0,2078600.0,3107400.0
CB8.1,2016-07-11,4.4856,7.45,21.32,0.3082,0.0202,26.99,4810,234940.0,591620.0,904350.0,4270,219770.0,703120.0,1087850.0,5840,319860.0,1140760.0,2302360.0
CB8.1,2016-08-08,7.5828,6.94,22.87,0.3354,0.0341,27.44,9550,117280.0,358590.0,723500.0,3100,117550.0,348410.0,853010.0,13300,228320.0,584180.0,1448580.0
CB8.1,2016-08-29,3.3108,7.01,25.28,0.2542,0.0312,26.322,1770,106810.0,240180.0,536080.0,1730,111800.0,231860.0,549490.0,7830,302630.0,525800.0,970400.0
CB8.1,2016-09-19,4.0584,7.29,24.48,0.3047,0.0346,25.459,1670,48530.0,162910.0,386050.0,1120,54660.0,169100.0,350890.0,3850,209600.0,482800.0,740000.0
CB8.1,2016-10-17,6.141,8.2,21.05,0.4379,0.0417,20.704,3150,156420.0,207390.0,322900.0,3170,116310.0,177640.0,289750.0,9540,194990.0,425220.0,682250.0
CB8.1,2016-12-13,5.4468,9.58,25.26,0.2506,0.0222,9.411,4870,101910.0,164510.0,313240.0,4440,86310.0,153360.0,262690.0,24600,505420.0,1052800.0,1241580.0
CB8.1,2017-01-25,4.1652,10.26,23.46,0.2498,0.0169,7.379,33800,223350.0,346450.0,395180.0,47400,301130.0,421230.0,475720.0,72500,1332400.0,2133540.0,2581380.0
CB8.1,2017-02-14,4.0584,10.5,23.51,0.2415,0.0174,6.358,3610,266630.0,408190.0,517820.0,8790,423090.0,625700.0,717850.0,66300,1660500.0,2755330.0,3293850.0
CB8.1,2017-03-27,1.7088,9.95,24.12,0.1986,0.015,10.405,3750,96140.0,257950.0,506660.0,9930,245730.0,574710.0,920490.0,62100,1498100.0,3098200.0,4462900.0
CB8.1,2017-04-10,3.0972,9.17,23.7,0.2529,0.0245,12.453,12400,184800.0,277960.0,551430.0,20000,435630.0,659630.0,1082260.0,156000,2517600.0,4165100.0,5730700.0
CB8.1,2017-05-08,4.5924,8.19,23.09,0.2864,0.021,17.386,28000,367850.0,532570.0,627700.0,53700,504790.0,909480.0,1133590.0,178000,2411100.0,4702400.0,6322800.0
CB8.1,2017-06-14,7.0488,7.35,19.2,0.3313,0.0267,23.366,3340,366520.0,778070.0,983320.0,4960,484870.0,1110460.0,1582140.0,27200,1298500.0,3620800.0,6378200.0
CB8.1,2017-06-26,5.9808,7.03,23.49,0.2881,0.0292,24.389,3610,236530.0,744700.0,1006800.0,7080,328090.0,1076150.0,1513540.0,40000,1209900.0,3237200.0,6148800.0
CB8.1,2017-07-17,4.5924,7.0,23.2,0.3122,0.0266,26.369,1550,103630.0,440310.0,880300.0,3280,165390.0,580170.0,1263870.0,35900,806600.0,1994800.0,4334300.0
CB8.1,2017-08-10,8.2236,8.05,22.24,0.3008,0.0282,25.918,2030,44220.0,160740.0,563480.0,6640,217400.0,387410.0,978570.0,29300,1118300.0,1958300.0,3339200.0
CB8.1,2017-08-31,6.7284,7.07,22.81,0.3487,0.0449,23.97,941,41357.0,96027.0,242397.0,2790,174420.0,364950.0,566140.0,14500,622250.0,1712250.0,2791850.0
CB8.1,2017-09-22,6.8352,7.9,21.59,0.3201,0.0331,24.325,908,37636.0,82656.0,150216.0,2090,84840.0,325210.0,470610.0,8800,358500.0,1333600.0,2170900.0
CB8.1,2017-10-18,2.8836,7.37,23.73,0.3995,0.0451,20.139,1340,32492.0,72296.0,116486.0,2710,59470.0,150900.0,391030.0,16500,240770.0,629290.0,1663690.0
CB8.1,2017-11-16,3.5244,8.86,23.8,0.3323,0.0391,13.615,2390,83640.0,115872.0,156166.0,5070,186430.0,245130.0,339710.0,25600,945220.0,1178970.0,1575810.0
CB8.1,2018-01-22,3.0972,12.15,23.94,0.2328,0.0125,2.044,2490,63386.0,110286.0,199296.0,5980,127740.0,216940.0,423510.0,39900,815060.0,1373860.0,2435940.0
CB8.1,2018-02-14,3.738,11.1,21.81,0.2534,0.0144,5.828,30800,297120.0,343346.0,394096.0,29600,324950.0,409020.0,517080.0,58200,1559200.0,2086990.0,2752960.0
CB8.1,2018-03-19,6.408,11.02,21.7,0.2614,0.0184,6.88,3200,183240.0,510670.0,567406.0,5770,540850.0,903510.0,1012870.0,38200,3058200.0,4640300.0,5351290.0
CB8.1,2018-04-26,2.8836,9.35,22.06,0.2389,0.0153,12.747,30400,366670.0,557250.0,930600.0,16900,672050.0,1084840.0,1572940.0,59400,2145800.0,4407700.0,6572200.0
CB8.1,2018-06-25,7.3692,7.43,15.76,0.3976,0.0251,26.499,12200,380620.0,943900.0,1310570.0,58200,1134900.0,2141300.0,2813350.0,27900,1141900.0,3191000.0,5336800.0
CB8.1,2018-07-11,6.942,8.09,17.52,0.4065,0.0278,27.111,2600,209750.0,805310.0,1275410.0,7780,667930.0,2115030.0,2746880.0,15300,841100.0,2822700.0,4668000.0
CB8.1,2018-08-06,4.9128,7.95,18.8,0.3767,0.0258,27.312,13800,143820.0,378060.0,983730.0,41000,597300.0,1329450.0,2746550.0,104000,2327500.0,3192100.0,5213400.0
CB8.1,2018-08-27,5.2332,7.05,16.0,0.3926,0.0283,26.519,3600,186900.0,287250.0,654860.0,11700,667700.0,1096550.0,2255650.0,47400,2566300.0,4298200.0,5323500.0
CB8.1,2018-09-26,7.476,7.57,16.21,0.3813,0.0254,25.737,20100,345760.0,532660.0,633010.0,53100,989250.0,1656950.0,2085800.0,91100,2494600.0,5060900.0,6792800.0
CB8.1,2018-10-15,5.34,7.17,15.41,0.4283,0.0435,22.973,22100,671210.0,805080.0,981920.0,18500,1208100.0,1970350.0,2684510.0,75200,2827900.0,5006800.0,8067800.0
CB8.1,2018-11-12,18.2628,9.61,16.26,0.4335,0.0272,14.768,11600,367780.0,991440.0,1121510.0,39200,604370.0,1861970.0,2565820.0,109000,2076700.0,5045000.0,7324900.0
CB8.1,2019-07-08,9.078,6.52,18.29,0.3841,0.0327,26.561,4230,185240.0,400570.0,937210.0,26400,233240.0,821530.0,1661830.0,19500,1407300.0,3705500.0,6192000.0
CB8.1,2019-09-20,3.5244,7.82,21.92,0.2937,0.0186,24.803,1210,45760.0,128210.0,244730.0,2180,79490.0,222390.0,487780.0,8720,350920.0,874520.0,1979920.0
CB8.1,2019-10-14,7.476,7.83,18.74,0.3483,0.0248,20.859,1220,33144.0,85994.0,172014.0,1850,53590.0,143580.0,299280.0,13400,259410.0,660620.0,1229620.0
CB8.1,2019-11-11,5.9808,9.11,23.8,0.3011,0.0197,14.906,2800,133050.0,166344.0,220514.0,3410,144830.0,198580.0,290690.0,41300,1265000.0,1507350.0,1921120.0
CB8.1,2019-12-09,8.01,10.07,22.0,0.2685,0.0085,9.327,3540,94990.0,224300.0,257914.0,3100,95240.0,236930.0,290730.0,24300,844400.0,2063700.0,2304350.0
CB8.1,2020-05-29,7.2624,8.3,17.19,0.305,0.0231,19.877,14600,573460.0,1010250.0,1207490.0,10500,655050.0,1134660.0,1401030.0,18600,2128300.0,3983000.0,5826200.0
CB8.1,2020-06-23,12.816,9.28,18.91,0.3571,0.0332,24.854,16900,402400.0,955260.0,1364680.0,17100,307080.0,986830.0,1442430.0,20200,774900.0,3015100.0,4965000.0
CB8.1,2020-08-24,16.3404,7.63,19.83,0.4155,0.0495,27.393,6390,193400.0,300040.0,678840.0,4810,175540.0,300570.0,609250.0,9030,334010.0,679590.0,1414090.0
CB8.1,2020-09-16,11.9616,7.0,21.88,0.3653,0.0395,24.679,2820,244750.0,383440.0,643860.0,3300,191310.0,334720.0,523530.0,4040,219830.0,565430.0,950970.0
CB8.1,2020-10-13,6.408,8.12,21.92,0.3288,0.0207,20.374,15600,145950.0,427890.0,526540.0,3600,86540.0,284130.0,418410.0,8320,155390.0,391300.0,742760.0
CB8.1,2020-11-16,4.1652,8.27,17.76,0.4112,0.0333,16.945,24400,604000.0,770070.0,999140.0,13200,159090.0,247280.0,433100.0,27800,334250.0,491090.0,704370.0
CB8.1,2021-04-05,4.3788,10.55,18.06,0.2889,0.00915,12.438,14400,383450.0,1075050.0,1410490.0,14300,393030.0,1088830.0,1383790.0,50700,2099100.0,3260800.0,4279000.0
CB8.1,2021-05-11,7.7964,8.39,21.99,0.2921,0.0218,16.969,5800,332810.0,699360.0,1412360.0,10600,456610.0,804140.0,1571670.0,68000,1375900.0,3379500.0,4727400.0
CB8.1,2021-08-05,8.30667,8.35,21.14,0.3556,0.0215,25.939,1490,59360.0,202910.0,334280.0,1540,79610.0,274900.0,484120.0,20800,1191200.0,1745060.0,2987060.0
CB8.1,2021-08-23,8.01,6.52,23.4,0.3437,0.0391,27.602,3830,82480.0,153330.0,303910.0,3910,74010.0,179030.0,392840.0,81300,832100.0,1871660.0,2556060.0
CB8.1,2021-09-13,7.6896,8.23,22.82,0.3263,0.0352,25.843,1950,112890.0,170970.0,280850.0,5650,301480.0,366270.0,513980.0,36900,1869600.0,2881200.0,3511260.0
CB8.1,2021-10-14,6.7284,8.93,20.41,0.3285,0.0217,22.868,2490,148870.0,260570.0,319880.0,4260,270040.0,574370.0,638210.0,28800,1538800.0,3419100.0,4369000.0
CB8.1,2021-11-11,6.0876,9.85,20.33,0.3075,0.0183,14.347,2620,96540.0,244140.0,356980.0,4670,175200.0,447250.0,745490.0,29900,1805100.0,3348900.0,5199800.0
CB8.1,2021-12-06,8.2236,9.6,23.05,0.3326,0.0215,10.556,2220,86380.0,186560.0,329080.0,3210,155980.0,327220.0,621570.0,34100,1363800.0,3159900.0,4736500.0
CB8.1,2022-01-13,3.9516,11.15,20.54,0.2664,0.0152,6.465,6950,125820.0,206440.0,304530.0,7650,160440.0,294240.0,476200.0,24400,1233500.0,2424900.0,4331500.0
CB8.1,2022-03-14,5.7405,10.12,20.65,0.30582,0.0234,8.694,11200,202130.0,453760.0,579580.0,9640,342300.0,672970.0,833410.0,83900,2667200.0,3729900.0,4963400.0
CB8.1,2022-06-07,4.272,8.15,18.08,0.3098,0.0156,24.008,4790,307900.0,550390.0,841750.0,5900,563350.0,1145970.0,1460490.0,19100,1338800.0,3647800.0,5957300.0
CB8.1,2022-06-27,7.8765,7.93,21.83,0.3177,0.0295,24.706,2850,212280.0,444660.0,705900.0,4540,196930.0,893150.0,1378770.0,20700,615100.0,2330100.0,4627300.0
CB8.1,2022-10-20,5.5536,8.59,24.9,0.27917,0.02,16.961,1860,52150.0,126030.0,202320.0,2140,93730.0,204760.0,304040.0,9850,517810.0,906950.0,1111880.0
CB8.1,2022-12-05,4.9128,9.5,24.34,0.27757,0.0232,11.618,3810,174630.0,223190.0,281530.0,3760,171730.0,248890.0,369980.0,46000,1064670.0,1494740.0,2032890.0
CB8.1,2023-01-20,7.9032,10.41,23.45,0.28194,0.0176,7.75,5790,272590.0,470710.0,613030.0,5700,365150.0,564600.0,702760.0,60300,2148300.0,3292000.0,4009000.0
CB8.1,2023-02-21,4.5924,10.17,23.29,0.23104,0.0168,10.295,18500,332490.0,587390.0,804130.0,16300,266930.0,602090.0,831430.0,36100,1293200.0,3493900.0,4661700.0
CB8.1,2023-03-16,2.2428,10.01,24.29,0.20794,0.015,10.002,5900,368180.0,589760.0,898490.0,8630,435200.0,657810.0,1077770.0,37000,1282300.0,2800100.0,4898200.0
CB8.1,2023-05-09,3.9516,8.43,22.16,0.236235,0.01995,17.893,6060,247210.0,408870.0,792720.0,12100,289410.0,576680.0,986400.0,56200,1621000.0,3144900.0,4329200.0
CB8.1,2023-06-09,4.806,7.79,21.08,0.29794,0.0227,20.592,2240,107660.0,354810.0,514020.0,1910,180650.0,474430.0,755630.0,7050,573550.0,2182850.0,3716750.0
CB8.1,2023-06-28,3.9516,7.49,22.1,0.29901,0.0201,24.127,9360,104150.0,321050.0,493300.0,6580,78560.0,425940.0,619360.0,20900,331890.0,1842190.0,2973490.0
CB8.1,2023-07-12,5.2332,7.87,22.22,0.34095,0.0226,29.054,4650,133920.0,234010.0,478790.0,2700,96590.0,236020.0,557970.0,36300,533650.0,1001090.0,2613290.0
CB8.1,2023-08-07,4.4856,6.31,24.01,0.35216,0.0491,25.885,3030,176930.0,298840.0,409630.0,2240,66340.0,159330.0,349370.0,9440,626640.0,1063630.0,1673730.0
CB8.1,2023-08-28,5.34,6.88,25.54,0.26022,0.0293,25.886,1670,57470.0,252180.0,359860.0,770,44119.0,132639.0,213039.0,23900,796140.0,1466040.0,1805320.0
CB8.1,2023-09-13,4.4856,6.78,24.46,0.30166,0.0192,26.709,1590,51810.0,212140.0,354160.0,2870,33363.0,95563.0,195823.0,29600,877700.0,1462440.0,2033520.0
CB8.1,2023-10-10,8.2236,9.47,23.09,0.30711,0.0184,20.514,1140,52840.0,106600.0,273980.0,1360,67390.0,99133.0,165163.0,23700,711620.0,1567520.0,2149260.0
CB8.1,2023-11-16,5.6604,8.73,24.31,0.30414,0.0217,14.055,1220,35630.0,87450.0,138200.0,1060,35638.0,99528.0,133621.0,12800,609700.0,1273420.0,2132220.0
CB8.1,2023-12-13,4.1652,9.51,24.68,0.24025,0.0214,9.751,11000,101950.0,138330.0,190210.0,6900,102320.0,139088.0,202698.0,80500,926900.0,1556600.0,2239220.0
CB8.1,2024-01-23,5.2332,11.22,17.3,0.33166,0.0197,4.806,5000,415180.0,566990.0,617650.0,8970,505820.0,700960.0,749768.0,41600,2567300.0,4478200.0,5068900.0
CB8.1,2024-02-22,2.9904,11.21,20.47,0.282,0.012,6.815,6190,328770.0,743950.0,895760.0,13000,636750.0,1142570.0,1337710.0,34200,2219100.0,4786400.0,6697300.0
CB8.1,2024-03-20,6.5415,10.16,17.79,0.28853,0.01515,11.062,6550,306550.0,631620.0,1043840.0,13400,627700.0,1250480.0,1751840.0,51000,2377100.0,4643400.0,7385600.0
CB8.1,2024-05-14,9.5052,8.67,16.94,0.39277,0.0235,19.384,3590,206000.0,552020.0,877990.0,12800,365280.0,1074710.0,1752410.0,67700,1742500.0,4735500.0,6981100.0
CB8.1,2024-06-13,5.0196,7.62,19.06,0.33152,0.0262,23.897,2190,152590.0,358590.0,704610.0,3270,220640.0,585920.0,1295350.0,12700,1026800.0,2769300.0,5762300.0
CB8.1,2024-06-27,6.3012,7.05,20.7,0.3573,0.0263,25.445,1250,71730.0,250780.0,593980.0,1860,112370.0,392740.0,1129320.0,9450,531280.0,1811780.0,5172380.0
CB8.1,2024-07-12,6.408,6.98,22.79,0.28102,0.0244,25.799,1260,42370.0,196360.0,427970.0,1590,61170.0,291340.0,676720.0,5780,376600.0,1458400.0,3297200.0
CB8.1,2024-08-19,3.6312,7.67,21.15,0.29167,0.0102,27.155,2250,119570.0,157050.0,262170.0,4150,190460.0,240160.0,407900.0,44200,1374420.0,1717650.0,2422350.0
CB8.1,2024-08-27,2.4564,8.25,20.26,0.30679,0.0184,26.684,1400,119200.0,159310.0,227730.0,2040,199260.0,245800.0,351930.0,17300,1513350.0,1873270.0,2386250.0
CB8.1,2024-09-20,8.8644,7.48,21.41,0.37742,0.0359,23.604,5810,47476.0,168546.0,205626.0,1450,68630.0,263250.0,310850.0,6590,475310.0,1915220.0,2258700.0
CB8.1,2024-10-23,4.9128,8.96,21.41,0.28858,0.0249,18.572,2450,412450.0,465296.0,586066.0,2520,291210.0,360300.0,558010.0,7840,289870.0,697220.0,2193570.0
CB8.1,2024-11-11,4.1652,7.94,23.55,0.33943,0.0291,17.633,2130,72620.0,476406.0,531596.0,1900,73270.0,348800.0,444810.0,5770,211910.0,498640.0,1315920.0
CB8.1,2024-12-10,3.204,9.94,23.66,0.2936,0.0234,9.186,1790,65050.0,139720.0,540376.0,2080,69900.0,146560.0,418440.0,12900,407990.0,619790.0,910730.0
